"","id","max_npap"
"1",2,14
"2",3,5
"3",5,3
"4",6,1
"5",7,1
"6",8,4
"7",9,5
"8",12,6
"9",17,1
"10",18,6
"11",19,8
"12",21,5
"13",22,1
"14",23,1
"15",24,3
"16",25,1
"17",26,3
"18",27,18
"19",28,6
"20",29,1
"21",33,3
"22",34,11
"23",43,8
"24",44,5
"25",48,4
"26",49,4
"27",55,12
"28",56,2
"29",59,6
"30",62,1
"31",63,8
"32",64,1
"33",65,15
"34",67,4
"35",68,6
"36",76,12
"37",77,1
"38",80,5
"39",81,17
"40",83,10
"41",85,4
"42",87,1
"43",91,4
"44",94,2
"45",95,10
"46",99,3
"47",101,2
"48",102,4
"49",107,16
"50",110,1
"51",111,1
"52",113,2
"53",115,1
"54",116,8
"55",117,5
"56",122,6
"57",123,3
"58",124,7
"59",127,4
"60",129,16
"61",131,10
"62",132,3
"63",135,1
"64",136,8
"65",141,6
"66",143,3
"67",144,4
"68",145,13
"69",146,7
"70",147,11
"71",148,4
"72",149,5
"73",150,10
"74",160,17
"75",162,1
"76",163,13
"77",164,1
"78",166,8
"79",168,4
"80",170,5
"81",173,1
"82",174,17
"83",175,8
"84",176,3
"85",178,5
"86",179,1
"87",180,20
"88",181,2
"89",182,2
"90",185,3
"91",186,2
"92",187,3
"93",189,5
"94",190,8
"95",191,7
"96",192,6
"97",193,8
"98",196,14
"99",201,1
"100",204,1
"101",205,9
"102",207,7
"103",211,9
"104",214,4
"105",221,1
"106",222,2
"107",223,1
"108",225,2
"109",226,3
"110",228,6
"111",229,7
"112",230,2
"113",235,2
"114",236,3
"115",237,1
"116",239,13
"117",240,12
"118",241,12
"119",242,1
"120",245,4
"121",246,2
"122",248,3
"123",249,2
"124",252,5
"125",256,4
"126",257,6
"127",259,4
"128",260,8
"129",261,7
"130",266,10
"131",270,11
"132",272,14
"133",277,17
"134",278,1
"135",279,9
"136",280,3
"137",281,1
"138",283,5
"139",284,1
"140",288,19
"141",289,8
"142",290,5
"143",292,7
"144",293,5
"145",297,7
"146",298,16
"147",299,5
"148",300,8
"149",304,2
"150",305,10
"151",308,2
"152",309,2
"153",314,1
"154",317,2
"155",320,15
"156",321,8
"157",325,1
"158",328,1
"159",330,1
"160",332,3
"161",337,12
"162",338,7
"163",339,7
"164",341,9
"165",342,6
"166",343,2
"167",346,19
"168",348,3
"169",349,2
"170",350,3
"171",351,5
"172",354,13
"173",355,16
"174",356,10
"175",360,5
"176",364,2
"177",365,1
"178",366,2
"179",367,9
"180",368,11
"181",369,1
"182",370,5
"183",371,9
"184",372,12
"185",373,7
"186",374,2
"187",379,5
"188",381,5
"189",382,2
"190",384,4
"191",385,2
"192",386,2
"193",388,9
"194",395,1
"195",396,1
"196",399,3
"197",404,2
"198",408,1
"199",411,15
"200",412,4
"201",414,6
"202",415,5
"203",416,2
"204",417,4
"205",418,10
"206",428,1
"207",429,2
"208",430,15
"209",432,2
"210",433,1
"211",434,5
"212",435,3
"213",436,15
"214",438,4
"215",442,11
"216",448,14
"217",450,1
"218",455,4
"219",457,4
"220",459,3
"221",460,3
"222",462,10
"223",464,17
"224",468,5
"225",470,17
"226",473,7
"227",474,15
"228",477,7
"229",479,8
"230",480,1
"231",481,15
"232",482,1
"233",483,9
"234",484,18
"235",485,3
"236",487,1
"237",488,13
"238",491,5
"239",492,10
"240",493,9
"241",494,1
"242",495,2
"243",496,3
"244",498,13
"245",502,2
"246",503,1
"247",504,12
"248",507,3
"249",510,3
"250",511,3
"251",513,5
"252",515,1
"253",518,2
"254",522,14
"255",524,7
"256",525,11
"257",528,3
"258",529,9
"259",534,1
"260",536,3
"261",538,12
"262",539,12
"263",540,6
"264",544,4
"265",546,8
"266",548,5
"267",553,8
"268",554,4
"269",555,9
"270",556,9
"271",557,2
"272",558,13
"273",561,8
"274",563,13
"275",564,5
"276",567,1
"277",568,17
"278",569,8
"279",570,3
"280",575,11
"281",576,2
"282",577,14
"283",578,12
"284",579,5
"285",580,3
"286",585,17
"287",586,4
"288",587,4
"289",590,3
"290",591,1
"291",592,9
"292",593,5
"293",595,4
"294",596,8
"295",597,11
"296",598,18
"297",602,10
"298",606,16
"299",608,1
"300",609,8
"301",611,1
"302",612,1
"303",614,6
"304",615,2
"305",618,14
"306",619,5
"307",620,8
"308",621,3
"309",623,7
"310",624,5
"311",625,1
"312",626,10
"313",627,1
"314",630,8
"315",631,2
"316",632,8
"317",633,5
"318",635,9
"319",639,2
"320",642,1
"321",643,1
"322",646,1
"323",648,5
"324",653,14
"325",654,8
"326",655,2
"327",656,14
"328",657,10
"329",658,3
"330",659,1
"331",660,15
"332",661,9
"333",664,2
"334",665,13
"335",666,5
"336",669,11
"337",672,3
"338",674,17
"339",675,10
"340",681,7
"341",682,19
"342",685,8
"343",686,5
"344",687,12
"345",688,17
"346",689,1
"347",690,5
"348",693,15
"349",698,8
"350",699,12
"351",701,6
"352",703,14
"353",704,2
"354",705,2
"355",706,5
"356",714,4
"357",715,17
"358",716,9
"359",717,10
"360",718,17
"361",719,14
"362",722,7
"363",723,13
"364",724,2
"365",726,4
"366",727,2
"367",728,11
"368",729,2
"369",730,8
"370",731,8
"371",734,9
"372",735,2
"373",736,6
"374",738,17
"375",739,9
"376",740,1
"377",742,1
"378",744,16
"379",745,13
"380",746,12
"381",747,3
"382",749,2
"383",750,3
"384",751,1
"385",752,1
"386",753,11
"387",755,1
"388",757,15
"389",758,4
"390",759,18
"391",770,1
"392",774,3
"393",775,1
"394",776,3
"395",777,1
"396",778,6
"397",782,15
"398",783,6
"399",785,12
"400",786,9
"401",787,5
"402",788,11
"403",791,1
"404",792,2
"405",793,2
"406",794,11
"407",795,2
"408",798,3
"409",802,3
"410",803,12
"411",805,1
"412",807,3
"413",808,12
"414",809,2
"415",813,3
"416",814,2
"417",815,5
"418",818,1
"419",819,1
"420",820,4
"421",821,3
"422",822,2
"423",823,1
"424",824,10
"425",825,1
"426",828,2
"427",830,10
"428",831,19
"429",832,2
"430",833,6
"431",834,12
"432",835,2
"433",836,15
"434",837,9
"435",838,1
"436",839,8
"437",840,6
"438",841,12
"439",842,19
"440",843,2
"441",844,16
"442",845,6
"443",846,11
"444",847,1
"445",848,5
"446",849,9
"447",850,1
"448",853,1
"449",855,8
"450",856,13
"451",859,3
"452",861,17
"453",863,13
"454",868,1
"455",870,3
"456",871,7
"457",872,8
"458",876,3
"459",880,2
"460",882,1
"461",884,4
"462",885,9
"463",887,12
"464",890,8
"465",891,6
"466",892,6
"467",894,2
"468",898,1
"469",900,3
"470",905,15
"471",910,1
"472",911,3
"473",912,14
"474",913,9
"475",914,17
"476",915,5
"477",916,2
"478",919,1
"479",920,15
"480",923,5
"481",925,14
"482",927,1
"483",932,2
"484",934,2
"485",935,4
"486",937,13
"487",939,1
"488",940,2
"489",942,14
"490",943,11
"491",944,14
"492",947,1
"493",949,1
"494",950,6
"495",953,7
"496",955,8
"497",959,7
"498",961,3
"499",964,10
"500",965,9
"501",967,2
"502",968,1
"503",969,6
"504",970,7
"505",971,13
"506",972,6
"507",973,2
"508",974,14
"509",978,4
"510",979,1
"511",980,4
"512",982,16
"513",983,4
"514",984,9
"515",985,8
"516",987,16
"517",988,5
"518",994,12
"519",996,1
"520",998,8
"521",999,7
"522",1000,3
"523",1001,1
"524",1003,15
"525",1006,1
"526",1007,8
"527",1009,1
"528",1010,7
"529",1012,16
"530",1013,10
"531",1014,1
"532",1015,1
"533",1016,1
"534",1017,16
"535",1018,8
"536",1019,1
"537",1020,9
"538",1022,1
"539",1025,2
"540",1027,4
"541",1029,3
"542",1030,13
"543",1031,4
"544",1032,1
"545",1035,2
"546",1036,1
"547",1037,14
"548",1047,1
"549",1049,6
"550",1054,9
"551",1056,15
"552",1057,7
"553",1059,12
"554",1061,16
"555",1063,6
"556",1064,1
"557",1065,4
"558",1066,11
"559",1067,1
"560",1068,1
"561",1070,12
"562",1072,15
"563",1075,4
"564",1078,2
"565",1080,2
"566",1081,1
"567",1083,3
"568",1085,4
"569",1086,2
"570",1089,17
"571",1091,5
"572",1092,8
"573",1093,17
"574",1094,16
"575",1095,9
"576",1096,16
"577",1098,11
"578",1099,3
"579",1100,12
"580",1104,2
"581",1105,13
"582",1106,6
"583",1107,1
"584",1108,14
"585",1111,7
"586",1112,14
"587",1118,1
"588",1120,1
"589",1123,14
"590",1127,9
"591",1128,6
"592",1129,4
"593",1131,7
"594",1132,12
"595",1134,1
"596",1136,9
"597",1137,2
"598",1138,2
"599",1139,17
"600",1144,2
"601",1145,15
"602",1146,1
"603",1147,2
"604",1148,5
"605",1152,10
"606",1154,1
"607",1155,1
"608",1156,9
"609",1157,3
"610",1158,5
"611",1160,1
"612",1163,9
"613",1166,5
"614",1167,5
"615",1170,20
"616",1172,1
"617",1175,4
"618",1177,3
"619",1179,3
"620",1180,2
"621",1181,12
"622",1182,17
"623",1183,9
"624",1185,4
"625",1187,4
"626",1188,3
"627",1190,8
"628",1191,16
"629",1192,14
"630",1193,3
"631",1194,2
"632",1197,10
"633",1199,9
"634",1208,8
"635",1209,5
"636",1210,4
"637",1211,5
"638",1214,1
"639",1220,12
"640",1222,1
"641",1223,5
"642",1227,14
"643",1228,9
"644",1229,9
"645",1230,1
"646",1231,1
"647",1232,1
"648",1234,6
"649",1235,2
"650",1238,1
"651",1239,11
"652",1242,6
"653",1245,4
"654",1249,8
"655",1250,1
"656",1251,10
"657",1252,1
"658",1256,1
"659",1257,2
"660",1259,5
"661",1260,2
"662",1262,4
"663",1264,3
"664",1265,4
"665",1266,10
"666",1269,2
"667",1270,3
"668",1272,2
"669",1273,9
"670",1275,6
"671",1276,5
"672",1278,10
"673",1281,4
"674",1282,1
"675",1283,9
"676",1284,1
"677",1285,8
"678",1286,1
"679",1288,1
"680",1290,13
"681",1292,4
"682",1293,7
"683",1294,13
"684",1296,15
"685",1297,4
"686",1298,1
"687",1299,11
"688",1301,12
"689",1305,1
"690",1309,7
"691",1310,8
"692",1311,1
"693",1316,1
"694",1317,5
"695",1318,3
"696",1323,9
"697",1325,14
"698",1331,1
"699",1339,1
"700",1340,2
"701",1344,4
"702",1345,5
"703",1347,15
"704",1348,1
"705",1349,6
"706",1351,5
"707",1352,6
"708",1354,8
"709",1359,2
"710",1361,1
"711",1363,2
"712",1364,1
"713",1365,13
"714",1366,12
"715",1369,13
"716",1370,1
"717",1371,20
"718",1372,1
"719",1375,14
"720",1376,1
"721",1377,1
"722",1382,1
"723",1383,13
"724",1385,5
"725",1386,1
"726",1387,2
"727",1389,14
"728",1393,3
"729",1395,18
"730",1397,18
"731",1398,14
"732",1405,13
"733",1411,2
"734",1412,9
"735",1415,2
"736",1420,6
"737",1421,2
"738",1422,6
"739",1423,2
"740",1427,2
"741",1428,15
"742",1433,12
"743",1434,5
"744",1436,5
"745",1437,3
"746",1439,4
"747",1441,17
"748",1442,14
"749",1443,7
"750",1444,9
"751",1448,1
"752",1449,7
"753",1450,3
"754",1452,3
"755",1453,1
"756",1454,4
"757",1460,5
"758",1462,2
"759",1463,15
"760",1464,4
"761",1465,2
"762",1470,6
"763",1472,8
"764",1476,1
"765",1480,6
"766",1481,9
"767",1485,7
"768",1486,13
"769",1487,4
"770",1488,8
"771",1489,2
"772",1490,9
"773",1491,9
"774",1492,1
"775",1493,12
"776",1494,1
"777",1496,17
"778",1497,10
"779",1500,9
"780",1501,8
"781",1506,1
"782",1509,1
"783",1512,5
"784",1513,2
"785",1514,3
"786",1516,16
"787",1517,14
"788",1518,7
"789",1521,2
"790",1522,5
"791",1523,2
"792",1524,8
"793",1525,6
"794",1526,16
"795",1527,7
"796",1528,3
"797",1531,2
"798",1538,11
"799",1539,14
"800",1540,2
"801",1542,2
"802",1544,3
"803",1545,13
"804",1546,19
"805",1547,9
"806",1550,2
"807",1553,2
"808",1554,1
"809",1555,2
"810",1559,11
"811",1560,14
"812",1561,1
"813",1568,11
"814",1569,8
"815",1570,7
"816",1572,6
"817",1573,18
"818",1574,7
"819",1575,8
"820",1576,7
"821",1580,12
"822",1583,6
"823",1585,16
"824",1586,17
"825",1594,5
"826",1597,5
"827",1599,1
"828",1600,1
"829",1602,6
"830",1607,17
"831",1610,2
"832",1611,1
"833",1615,1
"834",1617,1
"835",1621,3
"836",1623,15
"837",1627,11
"838",1628,11
"839",1629,1
"840",1633,6
"841",1634,10
"842",1637,8
"843",1638,15
"844",1639,8
"845",1641,11
"846",1642,1
"847",1644,3
"848",1646,1
"849",1647,4
"850",1648,11
"851",1649,2
"852",1651,15
"853",1653,1
"854",1654,1
"855",1656,3
"856",1657,1
"857",1662,1
"858",1670,1
"859",1671,1
"860",1672,3
"861",1673,2
"862",1674,6
"863",1678,6
"864",1680,3
"865",1681,2
"866",1682,4
"867",1684,1
"868",1685,11
"869",1686,13
"870",1687,10
"871",1690,9
"872",1692,1
"873",1693,6
"874",1699,18
"875",1701,3
"876",1703,6
"877",1705,20
"878",1708,5
"879",1710,2
"880",1711,1
"881",1715,1
"882",1716,8
"883",1718,2
"884",1720,8
"885",1721,1
"886",1731,2
"887",1733,1
"888",1735,1
"889",1736,1
"890",1739,8
"891",1745,1
"892",1747,1
"893",1749,2
"894",1750,1
"895",1753,3
"896",1755,15
"897",1757,3
"898",1758,13
"899",1760,13
"900",1763,15
"901",1764,15
"902",1765,19
"903",1766,3
"904",1767,8
"905",1768,13
"906",1769,10
"907",1771,17
"908",1774,1
"909",1775,16
"910",1777,6
"911",1778,1
"912",1779,4
"913",1780,1
"914",1785,7
"915",1788,3
"916",1789,1
"917",1790,2
"918",1794,15
"919",1795,3
"920",1796,17
"921",1799,1
"922",1802,18
"923",1803,2
"924",1804,6
"925",1806,5
"926",1807,4
"927",1808,5
"928",1813,15
"929",1816,2
"930",1817,17
"931",1818,3
"932",1819,9
"933",1828,12
"934",1830,2
"935",1833,8
"936",1834,7
"937",1836,10
"938",1838,18
"939",1841,12
"940",1843,17
"941",1845,10
"942",1847,3
"943",1850,2
"944",1851,15
"945",1852,1
"946",1855,6
"947",1856,18
"948",1857,6
"949",1859,10
"950",1860,6
"951",1861,11
"952",1862,14
"953",1863,4
"954",1864,18
"955",1866,10
"956",1867,1
"957",1868,4
"958",1871,7
"959",1875,5
"960",1877,3
"961",1878,2
"962",1882,3
"963",1883,1
"964",1884,2
"965",1888,15
"966",1891,2
"967",1892,5
"968",1893,2
"969",1894,1
"970",1895,1
"971",1901,1
"972",1902,2
"973",1905,4
"974",1908,18
"975",1909,2
"976",1912,9
"977",1913,15
"978",1914,5
"979",1915,3
"980",1916,3
"981",1917,11
"982",1919,7
"983",1922,14
"984",1924,3
"985",1925,5
"986",1929,18
"987",1930,2
"988",1933,5
"989",1934,5
"990",1936,2
"991",1937,20
"992",1939,1
"993",1944,4
"994",1945,7
"995",1946,1
"996",1947,6
"997",1948,1
"998",1949,4
"999",1950,5
"1000",1953,4
"1001",1954,2
"1002",1956,10
"1003",1957,1
"1004",1959,9
"1005",1961,2
"1006",1964,9
"1007",1966,4
"1008",1968,13
"1009",1969,2
"1010",1970,9
"1011",1971,1
"1012",1976,5
"1013",1977,2
"1014",1978,7
"1015",1979,7
"1016",1980,16
"1017",1981,6
"1018",1982,5
"1019",1983,11
"1020",1984,9
"1021",1986,1
"1022",1989,3
"1023",1995,1
"1024",1997,5
"1025",2002,4
"1026",2004,10
"1027",2005,17
"1028",2006,13
"1029",2007,10
"1030",2008,3
"1031",2010,11
"1032",2011,7
"1033",2013,10
"1034",2017,5
"1035",2019,2
"1036",2020,7
"1037",2021,5
"1038",2022,2
"1039",2023,5
"1040",2024,11
"1041",2027,16
"1042",2028,11
"1043",2029,1
"1044",2030,3
"1045",2031,12
"1046",2032,1
"1047",2033,8
"1048",2034,12
"1049",2039,2
"1050",2040,8
"1051",2042,7
"1052",2043,4
"1053",2044,7
"1054",2046,2
"1055",2049,1
"1056",2050,3
"1057",2051,5
"1058",2052,6
"1059",2053,7
"1060",2056,2
"1061",2057,10
"1062",2060,3
"1063",2061,10
"1064",2062,3
"1065",2063,2
"1066",2064,18
"1067",2065,5
"1068",2067,10
"1069",2070,17
"1070",2073,10
"1071",2074,3
"1072",2075,2
"1073",2077,2
"1074",2078,17
"1075",2084,10
"1076",2088,12
"1077",2089,11
"1078",2090,4
"1079",2096,2
"1080",2097,8
"1081",2098,4
"1082",2099,13
"1083",2100,2
"1084",2102,1
"1085",2103,7
"1086",2104,11
"1087",2105,2
"1088",2106,9
"1089",2107,15
"1090",2110,9
"1091",2111,7
"1092",2112,15
"1093",2113,9
"1094",2114,16
"1095",2115,11
"1096",2117,16
"1097",2119,8
"1098",2120,8
"1099",2122,5
"1100",2125,1
"1101",2126,6
"1102",2127,1
"1103",2131,14
"1104",2133,15
"1105",2135,11
"1106",2136,3
"1107",2140,5
"1108",2142,2
"1109",2143,9
"1110",2144,2
"1111",2145,11
"1112",2148,3
"1113",2150,7
"1114",2151,17
"1115",2153,12
"1116",2154,2
"1117",2159,6
"1118",2160,17
"1119",2162,2
"1120",2165,2
"1121",2166,9
"1122",2170,8
"1123",2190,7
"1124",2193,2
"1125",2196,3
"1126",2203,11
"1127",2205,1
"1128",2207,8
"1129",2209,15
"1130",2210,2
"1131",2211,4
"1132",2213,10
"1133",2216,8
"1134",2217,1
"1135",2218,18
"1136",2219,9
"1137",2220,5
"1138",2222,5
"1139",2223,7
"1140",2227,11
"1141",2228,11
"1142",2229,1
"1143",2232,16
"1144",2233,4
"1145",2234,15
"1146",2235,2
"1147",2236,5
"1148",2239,2
"1149",2240,5
"1150",2241,2
"1151",2242,10
"1152",2244,5
"1153",2246,18
"1154",2248,3
"1155",2250,1
"1156",2252,4
"1157",2253,18
"1158",2255,5
"1159",2257,7
"1160",2258,1
"1161",2260,9
"1162",2261,10
"1163",2263,6
"1164",2264,5
"1165",2266,14
"1166",2268,14
"1167",2270,2
"1168",2271,2
"1169",2272,17
"1170",2274,12
"1171",2275,14
"1172",2276,1
"1173",2277,7
"1174",2280,1
"1175",2281,4
"1176",2282,1
"1177",2287,16
"1178",2288,4
"1179",2289,9
"1180",2290,1
"1181",2291,3
"1182",2296,2
"1183",2297,8
"1184",2298,1
"1185",2299,7
"1186",2303,3
"1187",2305,9
"1188",2306,12
"1189",2307,5
"1190",2309,2
"1191",2310,1
"1192",2311,15
"1193",2312,5
"1194",2313,19
"1195",2315,6
"1196",2318,3
"1197",2319,4
"1198",2320,16
"1199",2321,5
"1200",2322,1
"1201",2326,5
"1202",2328,17
"1203",2330,3
"1204",2332,3
"1205",2333,12
"1206",2335,2
"1207",2336,1
"1208",2340,9
"1209",2347,9
"1210",2350,12
"1211",2351,1
"1212",2352,4
"1213",2353,1
"1214",2355,7
"1215",2356,3
"1216",2357,5
"1217",2358,5
"1218",2361,13
"1219",2364,3
"1220",2365,2
"1221",2366,16
"1222",2372,3
"1223",2376,2
"1224",2378,1
"1225",2381,5
"1226",2384,2
"1227",2385,1
"1228",2386,16
"1229",2387,3
"1230",2390,6
"1231",2394,3
"1232",2398,2
"1233",2400,2
"1234",2401,2
"1235",2403,1
"1236",2405,5
"1237",2408,13
"1238",2409,3
"1239",2415,6
"1240",2418,17
"1241",2420,1
"1242",2421,4
"1243",2422,15
"1244",2425,15
"1245",2426,4
"1246",2428,2
"1247",2431,4
"1248",2432,10
"1249",2434,3
"1250",2435,1
"1251",2437,5
"1252",2439,12
"1253",2440,2
"1254",2441,1
"1255",2446,6
"1256",2448,10
"1257",2449,9
"1258",2450,9
"1259",2451,1
"1260",2452,2
"1261",2454,3
"1262",2457,8
"1263",2461,9
"1264",2464,1
"1265",2465,8
"1266",2469,6
"1267",2470,8
"1268",2472,10
"1269",2473,2
"1270",2474,13
"1271",2476,4
"1272",2477,17
"1273",2478,3
"1274",2480,5
"1275",2483,5
"1276",2484,11
"1277",2485,12
"1278",2486,9
"1279",2492,5
"1280",2493,6
"1281",2494,5
"1282",2496,13
"1283",2498,16
"1284",2499,13
"1285",2500,12
"1286",2503,2
"1287",2504,9
"1288",2509,15
"1289",2511,5
"1290",2512,1
"1291",2514,2
"1292",2515,2
"1293",2517,7
"1294",2521,2
"1295",2522,7
"1296",2524,3
"1297",2527,6
"1298",2529,2
"1299",2532,9
"1300",2534,10
"1301",2536,1
"1302",2537,12
"1303",2542,2
"1304",2544,9
"1305",2546,13
"1306",2547,2
"1307",2551,14
"1308",2555,1
"1309",2556,10
"1310",2557,5
"1311",2559,5
"1312",2560,5
"1313",2561,7
"1314",2566,19
"1315",2568,2
"1316",2570,4
"1317",2572,17
"1318",2578,6
"1319",2580,1
"1320",2583,1
"1321",2584,2
"1322",2585,1
"1323",2588,5
"1324",2589,1
"1325",2595,4
"1326",2596,13
"1327",2599,8
"1328",2602,6
"1329",2603,11
"1330",2606,1
"1331",2607,3
"1332",2608,7
"1333",2609,11
"1334",2610,11
"1335",2613,1
"1336",2616,16
"1337",2620,1
"1338",2621,8
"1339",2623,3
"1340",2624,16
"1341",2625,11
"1342",2626,11
"1343",2627,16
"1344",2629,14
"1345",2630,13
"1346",2632,4
"1347",2633,12
"1348",2635,5
"1349",2636,7
"1350",2639,15
"1351",2645,10
"1352",2646,1
"1353",2647,2
"1354",2648,17
"1355",2650,7
"1356",2651,5
"1357",2652,13
"1358",2657,6
"1359",2659,16
"1360",2661,11
"1361",2663,13
"1362",2667,8
"1363",2668,3
"1364",2669,11
"1365",2670,3
"1366",2675,5
"1367",2676,3
"1368",2677,17
"1369",2678,4
"1370",2679,10
"1371",2680,5
"1372",2681,18
"1373",2683,1
"1374",2685,3
"1375",2686,2
"1376",2687,1
"1377",2689,12
"1378",2690,3
"1379",2692,2
"1380",2695,3
"1381",2696,5
"1382",2699,1
"1383",2701,10
"1384",2702,13
"1385",2704,5
"1386",2707,10
"1387",2709,4
"1388",2710,1
"1389",2711,11
"1390",2712,1
"1391",2713,3
"1392",2717,1
"1393",2718,5
"1394",2719,2
"1395",2720,3
"1396",2724,18
"1397",2725,3
"1398",2732,7
"1399",2735,19
"1400",2736,1
"1401",2740,2
"1402",2742,3
"1403",2743,13
"1404",2745,8
"1405",2746,8
"1406",2747,15
"1407",2748,3
"1408",2749,2
"1409",2750,8
"1410",2752,2
"1411",2754,10
"1412",2755,4
"1413",2758,1
"1414",2761,9
"1415",2764,17
"1416",2766,17
"1417",2768,6
"1418",2769,8
"1419",2770,14
"1420",2772,13
"1421",2773,8
"1422",2781,9
"1423",2784,1
"1424",2785,5
"1425",2788,5
"1426",2790,2
"1427",2793,1
"1428",2794,6
"1429",2797,19
"1430",2799,1
"1431",2800,1
"1432",2801,2
"1433",2802,3
"1434",2804,4
"1435",2805,6
"1436",2806,15
"1437",2807,4
"1438",2809,1
"1439",2812,2
"1440",2813,19
"1441",2814,2
"1442",2819,3
"1443",2820,1
"1444",2823,7
"1445",2825,2
"1446",2829,16
"1447",2832,4
"1448",2834,11
"1449",2835,4
"1450",2836,12
"1451",2837,3
"1452",2838,16
"1453",2839,1
"1454",2841,2
"1455",2845,1
"1456",2848,9
"1457",2850,19
"1458",2851,2
"1459",2852,2
"1460",2855,2
"1461",2857,2
"1462",2858,2
"1463",2859,2
"1464",2862,1
"1465",2863,2
"1466",2864,4
"1467",2865,7
"1468",2869,14
"1469",2870,16
"1470",2871,1
"1471",2872,13
"1472",2873,4
"1473",2876,17
"1474",2878,3
"1475",2879,14
"1476",2880,8
"1477",2882,11
"1478",2884,1
"1479",2886,3
"1480",2891,11
"1481",2894,9
"1482",2895,1
"1483",2896,1
"1484",2899,2
"1485",2900,16
"1486",2903,4
"1487",2906,3
"1488",2907,2
"1489",2908,11
"1490",2909,1
"1491",2910,6
"1492",2912,6
"1493",2913,13
"1494",2914,12
"1495",2919,2
"1496",2921,1
"1497",2925,2
"1498",2927,2
"1499",2930,1
"1500",2931,12
"1501",2933,10
"1502",2934,3
"1503",2935,8
"1504",2940,1
"1505",2949,3
"1506",2951,6
"1507",2952,1
"1508",2953,1
"1509",2955,2
"1510",2959,2
"1511",2961,4
"1512",2965,4
"1513",2967,16
"1514",2969,3
"1515",2970,12
"1516",2971,5
"1517",2972,1
"1518",2975,8
"1519",2976,1
"1520",2977,17
"1521",2979,17
"1522",2981,7
"1523",2986,1
"1524",2987,12
"1525",2988,4
"1526",2991,17
"1527",2992,1
"1528",2993,2
"1529",2995,16
"1530",2996,5
"1531",2999,3
"1532",3000,3
"1533",3001,2
"1534",3002,14
"1535",3003,1
"1536",3004,8
"1537",3006,10
"1538",3008,9
"1539",3009,15
"1540",3010,3
"1541",3015,3
"1542",3016,1
"1543",3017,8
"1544",3019,3
"1545",3022,9
"1546",3023,3
"1547",3028,1
"1548",3029,9
"1549",3031,2
"1550",3034,16
"1551",3037,10
"1552",3038,1
"1553",3043,2
"1554",3046,16
"1555",3048,13
"1556",3051,16
"1557",3055,11
"1558",3057,1
"1559",3058,14
"1560",3060,1
"1561",3061,1
"1562",3062,1
"1563",3064,16
"1564",3067,4
"1565",3071,12
"1566",3073,6
"1567",3074,14
"1568",3075,5
"1569",3076,1
"1570",3077,4
"1571",3078,5
"1572",3079,1
"1573",3080,11
"1574",3082,6
"1575",3084,1
"1576",3085,7
"1577",3086,3
"1578",3088,7
"1579",3090,4
"1580",3097,2
"1581",3098,2
"1582",3099,7
"1583",3100,1
"1584",3102,2
"1585",3103,6
"1586",3105,8
"1587",3108,3
"1588",3112,5
"1589",3113,1
"1590",3115,1
"1591",3116,4
"1592",3117,5
"1593",3120,3
"1594",3121,5
"1595",3127,1
"1596",3129,2
"1597",3131,16
"1598",3132,1
"1599",3135,5
"1600",3136,2
"1601",3137,8
"1602",3138,1
"1603",3139,4
"1604",3140,1
"1605",3141,1
"1606",3143,17
"1607",3145,4
"1608",3146,8
"1609",3149,8
"1610",3150,12
"1611",3151,16
"1612",3156,9
"1613",3157,11
"1614",3160,1
"1615",3161,1
"1616",3163,1
"1617",3166,18
"1618",3167,7
"1619",3168,3
"1620",3169,1
"1621",3170,2
"1622",3173,2
"1623",3174,3
"1624",3175,1
"1625",3178,3
"1626",3179,5
"1627",3180,1
"1628",3181,5
"1629",3183,9
"1630",3184,17
"1631",3187,4
"1632",3190,4
"1633",3193,7
"1634",3194,9
"1635",3195,5
"1636",3196,3
"1637",3197,5
"1638",3201,1
"1639",3207,18
"1640",3208,16
"1641",3210,2
"1642",3217,14
"1643",3218,4
"1644",3219,2
"1645",3220,1
"1646",3222,3
"1647",3224,8
"1648",3226,10
"1649",3227,1
"1650",3228,20
"1651",3236,4
"1652",3237,1
"1653",3238,11
"1654",3244,1
"1655",3250,1
"1656",3252,12
"1657",3254,3
"1658",3256,2
"1659",3257,19
"1660",3260,8
"1661",3262,7
"1662",3263,2
"1663",3265,2
"1664",3266,5
"1665",3267,2
"1666",3269,7
"1667",3270,4
"1668",3271,7
"1669",3272,18
"1670",3273,18
"1671",3274,3
"1672",3275,5
"1673",3277,18
"1674",3279,12
"1675",3281,5
"1676",3282,18
"1677",3284,6
"1678",3286,17
"1679",3287,5
"1680",3288,7
"1681",3289,10
"1682",3292,1
"1683",3295,4
"1684",3296,14
"1685",3297,8
"1686",3299,1
"1687",3303,1
"1688",3304,3
"1689",3305,16
"1690",3306,7
"1691",3307,14
"1692",3308,16
"1693",3309,4
"1694",3310,14
"1695",3313,1
"1696",3314,14
"1697",3317,1
"1698",3318,1
"1699",3321,3
"1700",3324,14
"1701",3325,5
"1702",3327,1
"1703",3328,16
"1704",3329,15
"1705",3333,11
"1706",3335,1
"1707",3338,18
"1708",3341,9
"1709",3342,17
"1710",3343,16
"1711",3345,7
"1712",3347,5
"1713",3348,11
"1714",3349,12
"1715",3353,13
"1716",3355,4
"1717",3360,2
"1718",3361,2
"1719",3364,3
"1720",3365,16
"1721",3366,5
"1722",3367,15
"1723",3368,18
"1724",3369,14
"1725",3371,2
"1726",3372,13
"1727",3373,2
"1728",3374,6
"1729",3378,4
"1730",3380,3
"1731",3382,1
"1732",3385,7
"1733",3386,18
"1734",3387,2
"1735",3388,11
"1736",3391,3
"1737",3393,17
"1738",3395,1
"1739",3400,5
"1740",3401,5
"1741",3402,11
"1742",3403,1
"1743",3404,2
"1744",3406,2
"1745",3407,10
"1746",3409,2
"1747",3410,16
"1748",3411,13
"1749",3412,16
"1750",3416,4
"1751",3417,10
"1752",3420,1
"1753",3423,4
"1754",3424,1
"1755",3426,19
"1756",3427,7
"1757",3428,9
"1758",3429,5
"1759",3430,1
"1760",3433,14
"1761",3434,5
"1762",3435,17
"1763",3436,3
"1764",3439,2
"1765",3441,13
"1766",3443,1
"1767",3444,7
"1768",3449,7
"1769",3453,1
"1770",3459,1
"1771",3465,7
"1772",3467,2
"1773",3468,2
"1774",3472,2
"1775",3474,4
"1776",3476,15
"1777",3478,5
"1778",3479,3
"1779",3480,5
"1780",3483,3
"1781",3484,11
"1782",3489,1
"1783",3492,4
"1784",3494,1
"1785",3497,2
"1786",3501,1
"1787",3502,5
"1788",3503,1
"1789",3504,1
"1790",3505,6
"1791",3506,5
"1792",3507,4
"1793",3509,14
"1794",3511,4
"1795",3512,8
"1796",3515,2
"1797",3516,5
"1798",3518,1
"1799",3519,15
"1800",3521,1
"1801",3527,3
"1802",3529,11
"1803",3530,12
"1804",3532,8
"1805",3534,15
"1806",3539,11
"1807",3540,16
"1808",3541,1
"1809",3543,8
"1810",3546,8
"1811",3547,1
"1812",3548,17
"1813",3549,6
"1814",3550,7
"1815",3551,14
"1816",3555,1
"1817",3558,10
"1818",3562,4
"1819",3564,13
"1820",3565,2
"1821",3567,3
"1822",3568,5
"1823",3572,4
"1824",3573,5
"1825",3577,6
"1826",3581,1
"1827",3584,2
"1828",3586,4
"1829",3587,4
"1830",3588,13
"1831",3589,1
"1832",3590,1
"1833",3592,3
"1834",3593,7
"1835",3597,11
"1836",3598,2
"1837",3599,4
"1838",3602,9
"1839",3603,2
"1840",3610,3
"1841",3611,2
"1842",3614,11
"1843",3615,1
"1844",3617,6
"1845",3618,15
"1846",3619,1
"1847",3621,6
"1848",3623,11
"1849",3626,1
"1850",3627,3
"1851",3631,4
"1852",3632,4
"1853",3634,1
"1854",3638,18
"1855",3640,13
"1856",3641,3
"1857",3644,1
"1858",3645,8
"1859",3646,4
"1860",3647,14
"1861",3649,7
"1862",3650,3
"1863",3651,6
"1864",3652,5
"1865",3653,10
"1866",3654,3
"1867",3663,7
"1868",3666,7
"1869",3667,15
"1870",3669,6
"1871",3670,18
"1872",3672,13
"1873",3673,4
"1874",3674,3
"1875",3675,1
"1876",3677,9
"1877",3678,4
"1878",3680,4
"1879",3683,7
"1880",3688,17
"1881",3690,16
"1882",3691,2
"1883",3692,1
"1884",3693,8
"1885",3695,2
"1886",3696,2
"1887",3697,11
"1888",3701,14
"1889",3702,1
"1890",3703,11
"1891",3705,2
"1892",3706,8
"1893",3707,12
"1894",3710,6
"1895",3711,1
"1896",3712,2
"1897",3713,14
"1898",3714,7
"1899",3715,3
"1900",3716,6
"1901",3720,1
"1902",3723,1
"1903",3729,8
"1904",3730,6
"1905",3731,9
"1906",3736,1
"1907",3737,5
"1908",3740,2
"1909",3741,14
"1910",3744,5
"1911",3747,1
"1912",3748,5
"1913",3749,8
"1914",3750,3
"1915",3751,15
"1916",3752,7
"1917",3754,5
"1918",3756,14
"1919",3759,6
"1920",3760,5
"1921",3761,2
"1922",3763,4
"1923",3765,12
"1924",3766,9
"1925",3767,2
"1926",3768,17
"1927",3769,11
"1928",3770,2
"1929",3773,17
"1930",3774,12
"1931",3776,11
"1932",3777,6
"1933",3778,17
"1934",3779,1
"1935",3780,8
"1936",3783,1
"1937",3785,1
"1938",3786,4
"1939",3788,3
"1940",3789,1
"1941",3791,4
"1942",3792,11
"1943",3793,4
"1944",3799,17
"1945",3800,14
"1946",3801,6
"1947",3802,1
"1948",3803,8
"1949",3808,3
"1950",3813,1
"1951",3816,4
"1952",3817,2
"1953",3819,1
"1954",3823,16
"1955",3825,13
"1956",3829,1
"1957",3831,2
"1958",3832,1
"1959",3834,8
"1960",3835,2
"1961",3838,8
"1962",3842,2
"1963",3843,1
"1964",3845,3
"1965",3846,5
"1966",3849,3
"1967",3850,11
"1968",3854,1
"1969",3856,2
"1970",3859,17
"1971",3860,1
"1972",3866,3
"1973",3867,1
"1974",3869,1
"1975",3872,3
"1976",3873,1
"1977",3888,3
"1978",3890,1
"1979",3891,17
"1980",3894,1
"1981",3896,2
"1982",3897,15
"1983",3899,5
"1984",3901,3
"1985",3902,2
"1986",3903,2
"1987",3909,1
"1988",3911,1
"1989",3912,1
"1990",3913,11
"1991",3914,1
"1992",3916,3
"1993",3917,7
"1994",3918,9
"1995",3919,18
"1996",3920,7
"1997",3924,16
"1998",3925,11
"1999",3928,2
"2000",3931,5
"2001",3932,1
"2002",3933,10
"2003",3934,2
"2004",3936,1
"2005",3938,1
"2006",3941,2
"2007",3942,1
"2008",3943,1
"2009",3945,4
"2010",3946,3
"2011",3948,9
"2012",3949,10
"2013",3953,1
"2014",3958,7
"2015",3959,3
"2016",3961,16
"2017",3962,5
"2018",3965,7
"2019",3967,15
"2020",3971,5
"2021",3972,17
"2022",3973,19
"2023",3974,7
"2024",3975,12
"2025",3976,2
"2026",3980,15
"2027",3983,9
"2028",3986,8
"2029",3987,2
"2030",3988,13
"2031",3989,8
"2032",3990,17
"2033",3992,19
"2034",3995,3
"2035",3996,12
"2036",3998,3
"2037",4000,3
"2038",4001,9
"2039",4002,10
"2040",4004,10
"2041",4005,3
"2042",4008,15
"2043",4009,12
"2044",4012,16
"2045",4013,2
"2046",4016,4
"2047",4017,9
"2048",4021,7
"2049",4022,1
"2050",4023,9
"2051",4027,13
"2052",4028,9
"2053",4033,11
"2054",4035,3
"2055",4036,6
"2056",4037,10
"2057",4038,6
"2058",4042,19
"2059",4043,7
"2060",4045,9
"2061",4046,4
"2062",4048,1
"2063",4050,2
"2064",4051,1
"2065",4052,12
"2066",4056,1
"2067",4061,6
"2068",4062,8
"2069",4063,1
"2070",4064,9
"2071",4066,3
"2072",4067,10
"2073",4068,5
"2074",4069,1
"2075",4070,5
"2076",4072,1
"2077",4073,1
"2078",4075,1
"2079",4076,10
"2080",4077,1
"2081",4083,7
"2082",4084,3
"2083",4086,9
"2084",4087,14
"2085",4089,16
"2086",4091,3
"2087",4092,1
"2088",4093,4
"2089",4094,1
"2090",4098,4
"2091",4099,4
"2092",4100,15
"2093",4101,11
"2094",4103,7
"2095",4105,4
"2096",4106,15
"2097",4107,7
"2098",4108,6
"2099",4110,10
"2100",4112,5
"2101",4113,3
"2102",4114,2
"2103",4115,2
"2104",4116,1
"2105",4117,15
"2106",4118,2
"2107",4119,4
"2108",4121,1
"2109",4124,4
"2110",4126,17
"2111",4127,1
"2112",4128,14
"2113",4129,5
"2114",4131,1
"2115",4132,6
"2116",4133,7
"2117",4137,17
"2118",4139,1
"2119",4141,6
"2120",4142,1
"2121",4144,7
"2122",4145,15
"2123",4146,9
"2124",4147,4
"2125",4148,1
"2126",4149,4
"2127",4150,13
"2128",4151,14
"2129",4156,1
"2130",4157,8
"2131",4161,12
"2132",4165,2
"2133",4168,2
"2134",4169,12
"2135",4170,18
"2136",4171,9
"2137",4173,14
"2138",4174,1
"2139",4178,1
"2140",4182,12
"2141",4184,10
"2142",4186,2
"2143",4191,4
"2144",4193,3
"2145",4195,11
"2146",4196,1
"2147",4198,19
"2148",4199,9
"2149",4200,7
"2150",4203,2
"2151",4204,17
"2152",4208,2
"2153",4211,1
"2154",4213,4
"2155",4216,1
"2156",4217,11
"2157",4219,2
"2158",4220,1
"2159",4221,10
"2160",4224,4
"2161",4228,3
"2162",4231,1
"2163",4233,1
"2164",4234,4
"2165",4236,6
"2166",4237,5
"2167",4240,2
"2168",4242,3
"2169",4243,1
"2170",4244,1
"2171",4246,1
"2172",4249,1
"2173",4250,1
"2174",4251,1
"2175",4255,1
"2176",4260,6
"2177",4262,2
"2178",4265,2
"2179",4266,2
"2180",4267,2
"2181",4269,1
"2182",4270,2
"2183",4272,1
"2184",4273,8
"2185",4275,9
"2186",4276,5
"2187",4279,2
"2188",4282,1
"2189",4283,2
"2190",4284,2
"2191",4286,2
"2192",4288,1
"2193",4293,7
"2194",4294,2
"2195",4295,6
"2196",4296,5
"2197",4298,1
"2198",4299,3
"2199",4300,4
"2200",4305,7
"2201",4307,16
"2202",4309,8
"2203",4310,10
"2204",4317,7
"2205",4318,1
"2206",4323,2
"2207",4324,15
"2208",4327,12
"2209",4328,1
"2210",4329,3
"2211",4330,2
"2212",4334,3
"2213",4336,8
"2214",4337,7
"2215",4338,18
"2216",4342,3
"2217",4343,17
"2218",4345,1
"2219",4349,7
"2220",4350,3
"2221",4355,7
"2222",4356,9
"2223",4358,1
"2224",4363,13
"2225",4364,10
"2226",4365,8
"2227",4366,4
"2228",4367,9
"2229",4369,7
"2230",4372,1
"2231",4373,8
"2232",4376,3
"2233",4377,5
"2234",4379,5
"2235",4380,7
"2236",4381,2
"2237",4384,3
"2238",4390,2
"2239",4391,1
"2240",4393,3
"2241",4399,1
"2242",4403,6
"2243",4406,2
"2244",4407,2
"2245",4408,10
"2246",4412,5
"2247",4416,1
"2248",4419,3
"2249",4426,12
"2250",4427,10
"2251",4429,2
"2252",4431,4
"2253",4432,4
"2254",4433,8
"2255",4437,9
"2256",4445,2
"2257",4447,5
"2258",4454,6
"2259",4456,1
"2260",4459,8
"2261",4468,9
"2262",4474,7
"2263",4478,13
"2264",4479,2
"2265",4481,16
"2266",4482,1
"2267",4484,4
"2268",4485,4
"2269",4488,3
"2270",4489,6
"2271",4490,1
"2272",4494,12
"2273",4495,5
"2274",4496,8
"2275",4497,4
"2276",4500,18
"2277",4503,6
"2278",4504,17
"2279",4505,14
"2280",4506,4
"2281",4509,13
"2282",4512,3
"2283",4513,2
"2284",4514,5
"2285",4519,1
"2286",4521,11
"2287",4522,5
"2288",4523,5
"2289",4524,6
"2290",4525,2
"2291",4528,1
"2292",4529,1
"2293",4530,1
"2294",4531,6
"2295",4535,7
"2296",4536,4
"2297",4537,7
"2298",4540,1
"2299",4541,1
"2300",4543,7
"2301",4545,3
"2302",4546,1
"2303",4547,3
"2304",4548,7
"2305",4549,1
"2306",4554,17
"2307",4563,4
"2308",4566,11
"2309",4567,17
"2310",4578,19
"2311",4580,2
"2312",4584,3
"2313",4586,15
"2314",4587,10
"2315",4588,7
"2316",4593,4
"2317",4594,1
"2318",4595,3
"2319",4599,1
"2320",4600,1
"2321",4602,4
"2322",4603,1
"2323",4604,1
"2324",4605,5
"2325",4607,18
"2326",4608,2
"2327",4609,1
"2328",4610,7
"2329",4612,18
"2330",4614,3
"2331",4615,15
"2332",4617,13
"2333",4619,14
"2334",4622,5
"2335",4625,1
"2336",4626,11
"2337",4628,9
"2338",4629,7
"2339",4630,8
"2340",4633,15
"2341",4636,4
"2342",4637,17
"2343",4638,12
"2344",4640,5
"2345",4641,15
"2346",4642,9
"2347",4643,2
"2348",4644,3
"2349",4646,3
"2350",4648,3
"2351",4649,1
"2352",4650,5
"2353",4651,2
"2354",4653,17
"2355",4655,2
"2356",4657,1
"2357",4658,4
"2358",4659,15
"2359",4662,3
"2360",4664,3
"2361",4665,4
"2362",4666,9
"2363",4667,2
"2364",4669,8
"2365",4673,2
"2366",4675,8
"2367",4678,4
"2368",4682,4
"2369",4683,11
"2370",4684,3
"2371",4685,9
"2372",4688,2
"2373",4689,2
"2374",4697,6
"2375",4699,5
"2376",4701,3
"2377",4705,3
"2378",4706,17
"2379",4707,10
"2380",4708,18
"2381",4709,11
"2382",4710,1
"2383",4711,4
"2384",4713,13
"2385",4716,7
"2386",4717,5
"2387",4718,1
"2388",4719,4
"2389",4721,4
"2390",4722,10
"2391",4723,1
"2392",4724,3
"2393",4729,1
"2394",4731,3
"2395",4733,1
"2396",4736,7
"2397",4737,3
"2398",4738,1
"2399",4741,2
"2400",4743,7
"2401",4752,1
"2402",4755,1
"2403",4756,1
"2404",4758,1
"2405",4760,14
"2406",4764,12
"2407",4766,2
"2408",4767,7
"2409",4768,4
"2410",4769,1
"2411",4770,1
"2412",4771,2
"2413",4774,4
"2414",4777,3
"2415",4778,4
"2416",4782,3
"2417",4783,1
"2418",4786,3
"2419",4788,2
"2420",4791,1
"2421",4794,1
"2422",4798,14
"2423",4800,2
"2424",4801,12
"2425",4802,11
"2426",4804,2
"2427",4805,3
"2428",4808,19
"2429",4809,10
"2430",4810,10
"2431",4811,17
"2432",4812,8
"2433",4813,4
"2434",4814,6
"2435",4815,14
"2436",4816,1
"2437",4818,14
"2438",4820,6
"2439",4821,1
"2440",4822,1
"2441",4824,16
"2442",4826,12
"2443",4828,5
"2444",4829,10
"2445",4833,10
"2446",4836,12
"2447",4837,3
"2448",4838,3
"2449",4841,1
"2450",4842,1
"2451",4843,5
"2452",4847,2
"2453",4854,12
"2454",4855,9
"2455",4858,1
"2456",4862,6
"2457",4863,2
"2458",4865,1
"2459",4868,1
"2460",4872,3
"2461",4877,6
"2462",4880,1
"2463",4883,18
"2464",4884,5
"2465",4888,3
"2466",4890,9
"2467",4893,6
"2468",4894,2
"2469",4897,1
"2470",4898,10
"2471",4899,13
"2472",4901,11
"2473",4902,1
"2474",4905,6
"2475",4906,5
"2476",4908,9
"2477",4909,1
"2478",4913,1
"2479",4914,4
"2480",4916,3
"2481",4920,4
"2482",4922,14
"2483",4923,11
"2484",4924,11
"2485",4925,1
"2486",4931,4
"2487",4932,11
"2488",4936,2
"2489",4937,13
"2490",4938,4
"2491",4939,3
"2492",4940,4
"2493",4943,9
"2494",4945,15
"2495",4946,12
"2496",4947,4
"2497",4948,3
"2498",4949,18
"2499",4953,6
"2500",4954,4
"2501",4957,14
"2502",4958,3
"2503",4960,4
"2504",4961,1
"2505",4964,1
"2506",4966,16
"2507",4967,16
"2508",4970,19
"2509",4972,11
"2510",4976,6
"2511",4978,12
"2512",4979,13
"2513",4981,3
"2514",4982,1
"2515",4986,10
"2516",4987,2
"2517",4988,13
"2518",4989,2
"2519",4991,6
"2520",4993,4
"2521",4994,10
"2522",4997,6
"2523",4999,12
"2524",5000,18
"2525",5002,2
"2526",5005,2
"2527",5008,5
"2528",5010,2
"2529",5011,2
"2530",5014,7
"2531",5016,14
"2532",5017,16
"2533",5018,1
"2534",5019,3
"2535",5020,3
"2536",5021,1
"2537",5022,12
"2538",5023,10
"2539",5024,1
"2540",5025,6
"2541",5026,7
"2542",5027,10
"2543",5028,4
"2544",5031,2
"2545",5032,4
"2546",5036,1
"2547",5039,1
"2548",5041,10
"2549",5042,12
"2550",5043,6
"2551",5044,9
"2552",5045,3
"2553",5046,10
"2554",5048,3
"2555",5056,12
"2556",5057,2
"2557",5058,1
"2558",5061,10
"2559",5063,3
"2560",5065,7
"2561",5066,1
"2562",5067,2
"2563",5069,1
"2564",5075,11
"2565",5077,9
"2566",5081,2
"2567",5083,10
"2568",5084,2
"2569",5086,4
"2570",5088,2
"2571",5089,7
"2572",5090,8
"2573",5092,1
"2574",5093,1
"2575",5094,10
"2576",5098,1
"2577",5101,7
"2578",5103,3
"2579",5104,1
"2580",5106,6
"2581",5107,6
"2582",5108,1
"2583",5110,8
"2584",5113,19
"2585",5116,9
"2586",5117,6
"2587",5118,9
"2588",5119,1
"2589",5123,6
"2590",5124,10
"2591",5125,15
"2592",5126,1
"2593",5128,1
"2594",5129,15
"2595",5130,1
"2596",5131,3
"2597",5132,19
"2598",5133,7
"2599",5138,8
"2600",5139,5
"2601",5140,3
"2602",5143,14
"2603",5145,2
"2604",5148,1
"2605",5150,1
"2606",5156,19
"2607",5157,8
"2608",5161,1
"2609",5163,1
"2610",5166,1
"2611",5167,4
"2612",5168,1
"2613",5171,2
"2614",5173,1
"2615",5174,8
"2616",5176,2
"2617",5178,8
"2618",5180,2
"2619",5182,1
"2620",5183,4
"2621",5185,2
"2622",5186,6
"2623",5188,4
"2624",5189,3
"2625",5190,1
"2626",5192,14
"2627",5194,4
"2628",5195,10
"2629",5196,5
"2630",5198,1
"2631",5199,3
"2632",5200,3
"2633",5204,1
"2634",5206,1
"2635",5207,1
"2636",5208,1
"2637",5211,2
"2638",5215,14
"2639",5218,2
"2640",5220,5
"2641",5224,12
"2642",5226,1
"2643",5227,10
"2644",5228,5
"2645",5230,5
"2646",5234,3
"2647",5235,13
"2648",5236,7
"2649",5238,1
"2650",5241,3
"2651",5246,14
"2652",5247,1
"2653",5249,17
"2654",5250,1
"2655",5251,8
"2656",5255,2
"2657",5258,9
"2658",5259,8
"2659",5260,10
"2660",5261,4
"2661",5262,2
"2662",5263,11
"2663",5264,13
"2664",5265,15
"2665",5266,4
"2666",5271,10
"2667",5272,3
"2668",5273,1
"2669",5274,15
"2670",5275,10
"2671",5278,3
"2672",5279,10
"2673",5283,2
"2674",5284,7
"2675",5286,2
"2676",5288,3
"2677",5289,13
"2678",5292,8
"2679",5294,8
"2680",5301,14
"2681",5303,1
"2682",5304,1
"2683",5307,3
"2684",5309,13
"2685",5310,8
"2686",5311,8
"2687",5312,5
"2688",5313,3
"2689",5315,10
"2690",5316,10
"2691",5317,5
"2692",5318,4
"2693",5319,5
"2694",5320,1
"2695",5321,7
"2696",5322,10
"2697",5324,5
"2698",5325,2
"2699",5326,9
"2700",5327,2
"2701",5328,4
"2702",5330,6
"2703",5331,1
"2704",5333,7
"2705",5334,9
"2706",5337,1
"2707",5339,17
"2708",5340,13
"2709",5341,7
"2710",5342,8
"2711",5344,3
"2712",5345,15
"2713",5348,8
"2714",5349,7
"2715",5350,2
"2716",5351,11
"2717",5352,3
"2718",5357,1
"2719",5358,1
"2720",5359,9
"2721",5360,16
"2722",5361,2
"2723",5362,13
"2724",5363,1
"2725",5364,12
"2726",5367,17
"2727",5368,4
"2728",5369,11
"2729",5370,9
"2730",5371,6
"2731",5372,1
"2732",5373,2
"2733",5375,9
"2734",5377,13
"2735",5382,6
"2736",5384,11
"2737",5385,6
"2738",5387,5
"2739",5391,11
"2740",5392,4
"2741",5393,7
"2742",5396,17
"2743",5397,4
"2744",5398,17
"2745",5412,17
"2746",5413,4
"2747",5414,9
"2748",5415,17
"2749",5417,15
"2750",5420,16
"2751",5422,10
"2752",5423,4
"2753",5425,4
"2754",5428,6
"2755",5429,5
"2756",5430,5
"2757",5432,1
"2758",5433,1
"2759",5434,5
"2760",5435,3
"2761",5436,6
"2762",5437,3
"2763",5438,3
"2764",5439,4
"2765",5440,1
"2766",5441,11
"2767",5443,6
"2768",5446,2
"2769",5447,1
"2770",5451,14
"2771",5452,1
"2772",5454,13
"2773",5456,10
"2774",5457,5
"2775",5458,3
"2776",5462,5
"2777",5463,3
"2778",5465,14
"2779",5468,2
"2780",5469,16
"2781",5470,17
"2782",5476,19
"2783",5477,7
"2784",5484,4
"2785",5485,2
"2786",5487,6
"2787",5489,3
"2788",5494,2
"2789",5500,1
"2790",5503,1
"2791",5509,13
"2792",5510,12
"2793",5511,2
"2794",5513,16
"2795",5515,2
"2796",5517,10
"2797",5518,3
"2798",5519,1
"2799",5520,1
"2800",5521,2
"2801",5522,6
"2802",5525,1
"2803",5528,6
"2804",5529,6
"2805",5530,6
"2806",5537,4
"2807",5538,9
"2808",5541,4
"2809",5542,1
"2810",5543,1
"2811",5545,10
"2812",5547,2
"2813",5548,1
"2814",5550,3
"2815",5553,1
"2816",5555,9
"2817",5559,2
"2818",5564,10
"2819",5565,3
"2820",5566,1
"2821",5567,8
"2822",5568,10
"2823",5569,17
"2824",5570,17
"2825",5571,8
"2826",5572,10
"2827",5573,15
"2828",5576,1
"2829",5577,19
"2830",5578,3
"2831",5583,2
"2832",5587,1
"2833",5594,17
"2834",5595,6
"2835",5598,4
"2836",5600,4
"2837",5601,1
"2838",5605,2
"2839",5606,16
"2840",5609,18
"2841",5610,1
"2842",5611,4
"2843",5613,1
"2844",5616,17
"2845",5617,4
"2846",5618,2
"2847",5619,5
"2848",5622,1
"2849",5623,1
"2850",5626,4
"2851",5628,11
"2852",5629,1
"2853",5630,1
"2854",5631,7
"2855",5632,6
"2856",5633,8
"2857",5634,9
"2858",5635,1
"2859",5636,2
"2860",5637,1
"2861",5638,1
"2862",5639,14
"2863",5640,3
"2864",5642,1
"2865",5643,12
"2866",5644,1
"2867",5648,6
"2868",5649,11
"2869",5650,12
"2870",5651,12
"2871",5652,3
"2872",5655,3
"2873",5656,14
"2874",5657,2
"2875",5661,15
"2876",5670,7
"2877",5671,3
"2878",5672,5
"2879",5673,2
"2880",5677,2
"2881",5678,1
"2882",5679,1
"2883",5681,3
"2884",5687,6
"2885",5690,1
"2886",5691,9
"2887",5692,6
"2888",5695,3
"2889",5699,7
"2890",5702,1
"2891",5703,3
"2892",5704,5
"2893",5709,2
"2894",5710,8
"2895",5711,1
"2896",5712,4
"2897",5713,7
"2898",5714,5
"2899",5716,2
"2900",5717,1
"2901",5720,3
"2902",5725,11
"2903",5726,14
"2904",5727,1
"2905",5728,4
"2906",5729,9
"2907",5730,16
"2908",5731,14
"2909",5732,1
"2910",5734,1
"2911",5735,5
"2912",5737,2
"2913",5738,11
"2914",5741,11
"2915",5742,1
"2916",5743,11
"2917",5744,2
"2918",5746,1
"2919",5747,3
"2920",5750,2
"2921",5753,4
"2922",5756,15
"2923",5757,6
"2924",5758,4
"2925",5760,1
"2926",5762,2
"2927",5764,1
"2928",5768,2
"2929",5771,10
"2930",5772,1
"2931",5773,17
"2932",5774,1
"2933",5775,12
"2934",5781,7
"2935",5782,11
"2936",5783,2
"2937",5786,17
"2938",5788,5
"2939",5791,14
"2940",5792,4
"2941",5793,3
"2942",5795,5
"2943",5796,14
"2944",5797,4
"2945",5798,3
"2946",5800,15
"2947",5802,5
"2948",5804,4
"2949",5805,2
"2950",5806,1
"2951",5807,1
"2952",5808,16
"2953",5810,9
"2954",5813,12
"2955",5816,9
"2956",5818,11
"2957",5819,9
"2958",5820,7
"2959",5822,20
"2960",5823,7
"2961",5824,3
"2962",5828,3
"2963",5829,2
"2964",5834,5
"2965",5835,4
"2966",5836,13
"2967",5837,15
"2968",5838,1
"2969",5839,3
"2970",5840,3
"2971",5841,3
"2972",5843,4
"2973",5846,7
"2974",5847,2
"2975",5849,2
"2976",5851,1
"2977",5856,2
"2978",5857,2
"2979",5861,4
"2980",5862,6
"2981",5864,1
"2982",5865,2
"2983",5866,1
"2984",5867,9
"2985",5870,3
"2986",5871,3
"2987",5872,4
"2988",5873,15
"2989",5876,5
"2990",5877,1
"2991",5884,3
"2992",5885,5
"2993",5886,4
"2994",5888,15
"2995",5889,1
"2996",5890,12
"2997",5891,4
"2998",5892,1
"2999",5897,5
"3000",5898,10
"3001",5900,3
"3002",5901,5
"3003",5903,14
"3004",5904,8
"3005",5906,6
"3006",5907,4
"3007",5908,5
"3008",5910,11
"3009",5911,6
"3010",5912,5
"3011",5915,5
"3012",5919,3
"3013",5924,11
"3014",5925,2
"3015",5926,16
"3016",5927,9
"3017",5933,5
"3018",5934,18
"3019",5935,17
"3020",5936,1
"3021",5939,14
"3022",5940,3
"3023",5941,3
"3024",5942,13
"3025",5943,1
"3026",5944,2
"3027",5946,9
"3028",5948,15
"3029",5949,3
"3030",5951,16
"3031",5952,7
"3032",5953,7
"3033",5954,2
"3034",5955,13
"3035",5956,1
"3036",5958,1
"3037",5961,7
"3038",5962,18
"3039",5963,1
"3040",5967,15
"3041",5969,6
"3042",5971,1
"3043",5972,5
"3044",5975,9
"3045",5976,2
"3046",5977,8
"3047",5979,2
"3048",5982,5
"3049",5984,1
"3050",5985,10
"3051",5988,2
"3052",5989,16
"3053",5990,1
"3054",5991,4
"3055",5992,9
"3056",5994,1
"3057",5996,4
"3058",5998,2
"3059",5999,1
"3060",6001,8
"3061",6002,19
"3062",6004,14
"3063",6008,7
"3064",6009,9
"3065",6013,1
"3066",6014,2
"3067",6015,7
"3068",6027,7
"3069",6028,3
"3070",6030,2
"3071",6031,1
"3072",6032,16
"3073",6033,1
"3074",6035,1
"3075",6036,8
"3076",6037,14
"3077",6038,2
"3078",6039,12
"3079",6041,9
"3080",6043,6
"3081",6044,2
"3082",6045,1
"3083",6046,3
"3084",6049,2
"3085",6050,2
"3086",6051,18
"3087",6055,4
"3088",6056,18
"3089",6058,1
"3090",6059,2
"3091",6060,3
"3092",6061,1
"3093",6062,1
"3094",6064,11
"3095",6065,9
"3096",6067,9
"3097",6069,16
"3098",6071,5
"3099",6072,13
"3100",6074,2
"3101",6075,15
"3102",6077,1
"3103",6078,6
"3104",6079,1
"3105",6083,15
"3106",6086,9
"3107",6087,4
"3108",6090,9
"3109",6091,9
"3110",6095,13
"3111",6096,10
"3112",6097,4
"3113",6098,1
"3114",6100,1
"3115",6103,9
"3116",6105,9
"3117",6107,1
"3118",6109,6
"3119",6110,1
"3120",6111,8
"3121",6115,4
"3122",6116,2
"3123",6120,3
"3124",6125,2
"3125",6128,3
"3126",6132,16
"3127",6133,8
"3128",6134,15
"3129",6139,9
"3130",6140,1
"3131",6141,13
"3132",6142,5
"3133",6143,12
"3134",6144,16
"3135",6145,17
"3136",6149,6
"3137",6152,8
"3138",6154,3
"3139",6156,3
"3140",6157,3
"3141",6158,18
"3142",6160,1
"3143",6161,2
"3144",6164,2
"3145",6166,15
"3146",6168,1
"3147",6169,16
"3148",6170,2
"3149",6174,16
"3150",6175,14
"3151",6178,6
"3152",6180,1
"3153",6181,17
"3154",6182,6
"3155",6183,3
"3156",6184,1
"3157",6185,6
"3158",6186,1
"3159",6187,3
"3160",6189,1
"3161",6190,1
"3162",6193,10
"3163",6194,3
"3164",6196,19
"3165",6197,5
"3166",6198,2
"3167",6202,15
"3168",6203,3
"3169",6208,3
"3170",6209,1
"3171",6211,2
"3172",6213,8
"3173",6217,8
"3174",6218,2
"3175",6219,10
"3176",6220,6
"3177",6223,2
"3178",6225,5
"3179",6229,6
"3180",6230,16
"3181",6231,3
"3182",6232,2
"3183",6236,9
"3184",6238,7
"3185",6239,10
"3186",6240,1
"3187",6242,6
"3188",6243,1
"3189",6245,1
"3190",6246,1
"3191",6247,1
"3192",6248,4
"3193",6250,15
"3194",6254,1
"3195",6256,2
"3196",6258,1
"3197",6262,4
"3198",6263,5
"3199",6265,1
"3200",6266,9
"3201",6267,4
"3202",6268,2
"3203",6270,11
"3204",6271,1
"3205",6272,10
"3206",6273,4
"3207",6275,1
"3208",6276,6
"3209",6278,5
"3210",6280,16
"3211",6281,9
"3212",6283,3
"3213",6284,8
"3214",6286,9
"3215",6287,2
"3216",6289,9
"3217",6290,9
"3218",6291,8
"3219",6293,4
"3220",6294,1
"3221",6295,9
"3222",6297,2
"3223",6298,5
"3224",6299,8
"3225",6300,10
"3226",6302,10
"3227",6303,10
"3228",6304,7
"3229",6307,3
"3230",6308,7
"3231",6311,1
"3232",6312,9
"3233",6313,4
"3234",6314,3
"3235",6315,5
"3236",6317,1
"3237",6318,5
"3238",6319,1
"3239",6321,1
"3240",6322,1
"3241",6323,4
"3242",6324,5
"3243",6329,4
"3244",6330,9
"3245",6332,18
"3246",6335,1
"3247",6336,1
"3248",6337,5
"3249",6339,4
"3250",6340,1
"3251",6341,6
"3252",6342,3
"3253",6343,12
"3254",6344,6
"3255",6345,14
"3256",6346,1
"3257",6347,3
"3258",6349,3
"3259",6350,7
"3260",6351,3
"3261",6353,18
"3262",6354,1
"3263",6356,11
"3264",6359,1
"3265",6360,1
"3266",6361,11
"3267",6364,12
"3268",6371,5
"3269",6372,1
"3270",6373,1
"3271",6375,1
"3272",6377,1
"3273",6378,14
"3274",6380,10
"3275",6382,1
"3276",6383,1
"3277",6384,2
"3278",6386,5
"3279",6389,5
"3280",6391,1
"3281",6393,5
"3282",6395,7
"3283",6396,16
"3284",6398,10
"3285",6399,4
"3286",6400,8
"3287",6402,2
"3288",6407,1
"3289",6408,5
"3290",6409,8
"3291",6410,8
"3292",6411,6
"3293",6412,6
"3294",6413,9
"3295",6418,4
"3296",6420,11
"3297",6422,1
"3298",6423,10
"3299",6425,10
"3300",6430,1
"3301",6436,17
"3302",6437,10
"3303",6438,6
"3304",6439,4
"3305",6440,10
"3306",6441,7
"3307",6442,1
"3308",6446,14
"3309",6450,15
"3310",6451,17
"3311",6452,7
"3312",6454,17
"3313",6459,1
"3314",6468,3
"3315",6472,6
"3316",6473,17
"3317",6485,10
"3318",6486,4
"3319",6487,13
"3320",6489,1
"3321",6490,1
"3322",6491,1
"3323",6492,2
"3324",6494,2
"3325",6496,2
"3326",6498,15
"3327",6501,2
"3328",6503,8
"3329",6505,8
"3330",6506,2
"3331",6508,3
"3332",6509,10
"3333",6510,3
"3334",6515,3
"3335",6520,1
"3336",6522,1
"3337",6523,5
"3338",6525,15
"3339",6526,13
"3340",6528,4
"3341",6529,14
"3342",6531,1
"3343",6534,4
"3344",6535,1
"3345",6536,7
"3346",6537,7
"3347",6539,2
"3348",6540,1
"3349",6541,12
"3350",6542,12
"3351",6543,12
"3352",6547,4
"3353",6548,10
"3354",6549,1
"3355",6550,3
"3356",6551,9
"3357",6552,3
"3358",6553,3
"3359",6554,15
"3360",6555,9
"3361",6556,1
"3362",6557,2
"3363",6558,2
"3364",6559,1
"3365",6561,12
"3366",6562,12
"3367",6563,10
"3368",6566,4
"3369",6567,4
"3370",6568,1
"3371",6570,9
"3372",6571,2
"3373",6572,9
"3374",6573,3
"3375",6574,2
"3376",6576,5
"3377",6577,6
"3378",6579,2
"3379",6584,5
"3380",6585,1
"3381",6586,7
"3382",6588,2
"3383",6590,9
"3384",6591,2
"3385",6597,4
"3386",6598,1
"3387",6599,5
"3388",6602,7
"3389",6603,3
"3390",6604,7
"3391",6605,1
"3392",6607,9
"3393",6609,4
"3394",6610,2
"3395",6612,13
"3396",6615,4
"3397",6616,6
"3398",6618,3
"3399",6619,4
"3400",6621,1
"3401",6628,13
"3402",6629,3
"3403",6631,1
"3404",6633,2
"3405",6634,1
"3406",6635,2
"3407",6637,2
"3408",6639,15
"3409",6640,3
"3410",6644,9
"3411",6654,8
"3412",6655,3
"3413",6656,14
"3414",6659,1
"3415",6660,9
"3416",6661,3
"3417",6662,11
"3418",6664,14
"3419",6668,8
"3420",6669,5
"3421",6672,4
"3422",6673,19
"3423",6674,1
"3424",6675,1
"3425",6680,17
"3426",6682,3
"3427",6683,5
"3428",6684,19
"3429",6686,12
"3430",6687,6
"3431",6688,8
"3432",6689,4
"3433",6690,1
"3434",6691,1
"3435",6693,19
"3436",6694,2
"3437",6695,4
"3438",6700,11
"3439",6702,2
"3440",6703,8
"3441",6710,1
"3442",6711,14
"3443",6714,2
"3444",6718,3
"3445",6719,3
"3446",6720,18
"3447",6722,13
"3448",6723,2
"3449",6724,1
"3450",6726,1
"3451",6727,18
"3452",6728,3
"3453",6732,8
"3454",6733,1
"3455",6734,1
"3456",6735,7
"3457",6742,3
"3458",6743,3
"3459",6746,4
"3460",6748,1
"3461",6749,15
"3462",6750,6
"3463",6753,6
"3464",6756,6
"3465",6757,15
"3466",6758,12
"3467",6759,1
"3468",6760,9
"3469",6762,1
"3470",6763,4
"3471",6765,2
"3472",6766,11
"3473",6775,12
"3474",6776,6
"3475",6777,7
"3476",6778,1
"3477",6780,5
"3478",6782,3
"3479",6787,1
"3480",6788,11
"3481",6789,3
"3482",6790,3
"3483",6791,6
"3484",6792,1
"3485",6793,9
"3486",6794,2
"3487",6795,6
"3488",6796,1
"3489",6798,16
"3490",6799,3
"3491",6805,1
"3492",6809,1
"3493",6811,13
"3494",6814,3
"3495",6815,1
"3496",6817,1
"3497",6818,12
"3498",6819,3
"3499",6820,18
"3500",6823,9
"3501",6824,1
"3502",6825,4
"3503",6828,2
"3504",6829,6
"3505",6831,6
"3506",6833,11
"3507",6835,5
"3508",6836,3
"3509",6837,10
"3510",6838,7
"3511",6839,13
"3512",6843,3
"3513",6849,9
"3514",6852,5
"3515",6855,1
"3516",6859,17
"3517",6860,16
"3518",6863,1
"3519",6864,2
"3520",6866,12
"3521",6867,3
"3522",6868,17
"3523",6870,5
"3524",6871,4
"3525",6872,15
"3526",6874,5
"3527",6875,15
"3528",6878,9
"3529",6886,12
"3530",6888,11
"3531",6891,14
"3532",6892,5
"3533",6895,11
"3534",6896,14
"3535",6897,14
"3536",6898,4
"3537",6899,2
"3538",6901,15
"3539",6904,9
"3540",6907,4
"3541",6908,2
"3542",6909,1
"3543",6910,1
"3544",6918,1
"3545",6919,1
"3546",6921,19
"3547",6927,11
"3548",6928,8
"3549",6929,2
"3550",6930,4
"3551",6932,7
"3552",6935,8
"3553",6936,8
"3554",6938,1
"3555",6939,1
"3556",6940,4
"3557",6941,7
"3558",6943,5
"3559",6948,6
"3560",6953,8
"3561",6954,2
"3562",6955,19
"3563",6957,1
"3564",6958,2
"3565",6962,17
"3566",6963,1
"3567",6964,8
"3568",6966,1
"3569",6967,5
"3570",6968,1
"3571",6973,12
"3572",6976,2
"3573",6977,1
"3574",6979,6
"3575",6982,1
"3576",6984,7
"3577",6985,1
"3578",6987,5
"3579",6988,1
"3580",6989,8
"3581",6990,14
"3582",6993,4
"3583",7000,6
"3584",7001,11
"3585",7007,2
"3586",7008,1
"3587",7010,3
"3588",7012,1
"3589",7015,2
"3590",7017,6
"3591",7019,11
"3592",7020,2
"3593",7021,7
"3594",7022,1
"3595",7026,5
"3596",7027,1
"3597",7029,2
"3598",7030,9
"3599",7031,3
"3600",7032,10
"3601",7034,1
"3602",7037,2
"3603",7039,5
"3604",7040,3
"3605",7042,3
"3606",7043,9
"3607",7045,10
"3608",7046,13
"3609",7049,2
"3610",7051,1
"3611",7052,2
"3612",7053,11
"3613",7058,3
"3614",7060,1
"3615",7063,1
"3616",7064,1
"3617",7065,18
"3618",7066,6
"3619",7067,10
"3620",7068,2
"3621",7070,11
"3622",7071,1
"3623",7072,4
"3624",7073,10
"3625",7074,2
"3626",7078,17
"3627",7081,5
"3628",7083,4
"3629",7086,1
"3630",7091,1
"3631",7092,2
"3632",7094,5
"3633",7095,6
"3634",7096,1
"3635",7097,1
"3636",7101,5
"3637",7105,3
"3638",7108,1
"3639",7109,14
"3640",7111,4
"3641",7112,1
"3642",7113,1
"3643",7116,6
"3644",7117,2
"3645",7118,13
"3646",7121,1
"3647",7123,1
"3648",7124,2
"3649",7125,11
"3650",7128,12
"3651",7130,1
"3652",7131,1
"3653",7133,3
"3654",7136,11
"3655",7137,2
"3656",7139,1
"3657",7143,3
"3658",7148,6
"3659",7150,4
"3660",7151,18
"3661",7152,17
"3662",7155,17
"3663",7156,19
"3664",7158,2
"3665",7159,4
"3666",7164,11
"3667",7166,1
"3668",7171,7
"3669",7172,2
"3670",7173,5
"3671",7176,2
"3672",7178,17
"3673",7180,17
"3674",7183,1
"3675",7184,6
"3676",7185,5
"3677",7186,5
"3678",7189,3
"3679",7191,1
"3680",7193,2
"3681",7196,2
"3682",7197,3
"3683",7198,9
"3684",7199,16
"3685",7202,16
"3686",7203,1
"3687",7204,2
"3688",7210,11
"3689",7212,9
"3690",7213,2
"3691",7214,12
"3692",7218,16
"3693",7219,3
"3694",7222,9
"3695",7223,4
"3696",7224,1
"3697",7226,2
"3698",7227,3
"3699",7228,7
"3700",7230,6
"3701",7232,15
"3702",7233,7
"3703",7234,19
"3704",7235,2
"3705",7236,16
"3706",7237,7
"3707",7238,4
"3708",7240,4
"3709",7241,5
"3710",7247,8
"3711",7248,20
"3712",7249,8
"3713",7250,5
"3714",7251,3
"3715",7253,9
"3716",7255,3
"3717",7256,6
"3718",7258,5
"3719",7260,5
"3720",7263,10
"3721",7264,7
"3722",7265,12
"3723",7267,4
"3724",7269,4
"3725",7273,3
"3726",7274,10
"3727",7275,8
"3728",7276,3
"3729",7278,1
"3730",7283,4
"3731",7284,10
"3732",7287,1
"3733",7289,5
"3734",7291,9
"3735",7297,2
"3736",7299,5
"3737",7302,3
"3738",7305,8
"3739",7307,16
"3740",7309,1
"3741",7310,6
"3742",7312,10
"3743",7313,2
"3744",7318,5
"3745",7320,9
"3746",7322,1
"3747",7325,7
"3748",7327,1
"3749",7332,5
"3750",7333,8
"3751",7337,14
"3752",7339,3
"3753",7340,2
"3754",7346,3
"3755",7348,3
"3756",7350,12
"3757",7351,11
"3758",7354,17
"3759",7357,1
"3760",7359,19
"3761",7360,2
"3762",7362,3
"3763",7367,8
"3764",7368,1
"3765",7369,1
"3766",7372,1
"3767",7373,1
"3768",7374,7
"3769",7376,1
"3770",7377,4
"3771",7378,1
"3772",7379,8
"3773",7380,6
"3774",7382,1
"3775",7384,6
"3776",7385,1
"3777",7393,14
"3778",7396,1
"3779",7401,1
"3780",7402,1
"3781",7403,2
"3782",7408,10
"3783",7411,12
"3784",7412,1
"3785",7413,4
"3786",7414,2
"3787",7416,7
"3788",7418,2
"3789",7419,8
"3790",7420,1
"3791",7421,10
"3792",7423,4
"3793",7424,7
"3794",7425,13
"3795",7426,2
"3796",7427,6
"3797",7430,3
"3798",7431,5
"3799",7436,3
"3800",7438,5
"3801",7439,5
"3802",7440,18
"3803",7443,1
"3804",7444,2
"3805",7446,11
"3806",7448,6
"3807",7449,7
"3808",7450,1
"3809",7451,19
"3810",7452,1
"3811",7453,1
"3812",7460,1
"3813",7461,2
"3814",7462,16
"3815",7463,16
"3816",7464,3
"3817",7465,14
"3818",7467,1
"3819",7469,12
"3820",7470,9
"3821",7475,8
"3822",7478,3
"3823",7479,1
"3824",7480,2
"3825",7482,1
"3826",7483,16
"3827",7484,2
"3828",7487,3
"3829",7489,13
"3830",7490,3
"3831",7491,3
"3832",7492,2
"3833",7494,12
"3834",7495,4
"3835",7496,7
"3836",7497,10
"3837",7498,2
"3838",7499,3
"3839",7502,5
"3840",7503,3
"3841",7504,18
"3842",7506,9
"3843",7509,3
"3844",7511,15
"3845",7512,2
"3846",7514,1
"3847",7515,11
"3848",7522,1
"3849",7523,1
"3850",7524,10
"3851",7525,1
"3852",7526,1
"3853",7527,11
"3854",7528,16
"3855",7529,1
"3856",7530,2
"3857",7531,11
"3858",7535,15
"3859",7537,4
"3860",7542,10
"3861",7543,3
"3862",7544,11
"3863",7545,1
"3864",7546,6
"3865",7547,7
"3866",7548,2
"3867",7549,3
"3868",7550,5
"3869",7551,8
"3870",7553,3
"3871",7555,6
"3872",7558,10
"3873",7562,4
"3874",7563,9
"3875",7564,13
"3876",7565,5
"3877",7566,6
"3878",7568,12
"3879",7569,7
"3880",7572,15
"3881",7573,5
"3882",7574,7
"3883",7575,1
"3884",7576,15
"3885",7577,12
"3886",7578,5
"3887",7579,1
"3888",7582,6
"3889",7583,2
"3890",7585,1
"3891",7586,3
"3892",7588,3
"3893",7590,5
"3894",7591,6
"3895",7593,2
"3896",7594,9
"3897",7596,1
"3898",7597,7
"3899",7599,1
"3900",7600,7
"3901",7602,10
"3902",7604,8
"3903",7605,1
"3904",7606,8
"3905",7609,8
"3906",7610,18
"3907",7611,6
"3908",7613,15
"3909",7615,4
"3910",7616,3
"3911",7617,7
"3912",7619,7
"3913",7622,1
"3914",7623,1
"3915",7625,5
"3916",7627,12
"3917",7631,2
"3918",7632,3
"3919",7636,16
"3920",7637,2
"3921",7638,10
"3922",7639,16
"3923",7642,5
"3924",7644,1
"3925",7645,5
"3926",7646,5
"3927",7647,13
"3928",7650,8
"3929",7651,5
"3930",7653,13
"3931",7654,15
"3932",7655,16
"3933",7657,5
"3934",7660,5
"3935",7661,4
"3936",7662,15
"3937",7663,4
"3938",7664,4
"3939",7667,6
"3940",7668,14
"3941",7671,2
"3942",7672,7
"3943",7678,10
"3944",7679,6
"3945",7680,3
"3946",7681,6
"3947",7682,6
"3948",7684,7
"3949",7685,11
"3950",7689,2
"3951",7690,3
"3952",7693,9
"3953",7694,1
"3954",7696,9
"3955",7699,2
"3956",7701,12
"3957",7702,3
"3958",7706,16
"3959",7707,8
"3960",7708,1
"3961",7711,1
"3962",7715,3
"3963",7716,3
"3964",7719,9
"3965",7720,13
"3966",7721,1
"3967",7723,2
"3968",7724,5
"3969",7725,16
"3970",7726,2
"3971",7727,3
"3972",7733,9
"3973",7734,4
"3974",7735,1
"3975",7736,3
"3976",7737,7
"3977",7738,2
"3978",7739,9
"3979",7740,5
"3980",7742,5
"3981",7743,4
"3982",7744,4
"3983",7746,13
"3984",7747,12
"3985",7749,4
"3986",7751,9
"3987",7754,1
"3988",7755,1
"3989",7758,1
"3990",7762,10
"3991",7763,2
"3992",7765,4
"3993",7767,1
"3994",7768,14
"3995",7769,6
"3996",7770,5
"3997",7772,6
"3998",7773,3
"3999",7774,9
"4000",7775,1
"4001",7777,5
"4002",7779,8
"4003",7780,1
"4004",7781,13
"4005",7782,7
"4006",7787,1
"4007",7790,1
"4008",7793,14
"4009",7794,4
"4010",7795,19
"4011",7797,9
"4012",7800,1
"4013",7801,5
"4014",7802,1
"4015",7803,7
"4016",7806,14
"4017",7808,1
"4018",7813,16
"4019",7815,2
"4020",7816,4
"4021",7817,3
"4022",7819,3
"4023",7820,4
"4024",7824,1
"4025",7826,6
"4026",7828,4
"4027",7829,16
"4028",7832,11
"4029",7833,2
"4030",7835,1
"4031",7836,3
"4032",7837,1
"4033",7838,5
"4034",7839,5
"4035",7840,8
"4036",7841,8
"4037",7842,6
"4038",7843,4
"4039",7846,17
"4040",7849,3
"4041",7854,2
"4042",7856,1
"4043",7859,10
"4044",7860,16
"4045",7861,3
"4046",7862,16
"4047",7866,4
"4048",7867,18
"4049",7870,19
"4050",7871,1
"4051",7873,1
"4052",7874,10
"4053",7875,4
"4054",7877,1
"4055",7878,6
"4056",7880,4
"4057",7882,2
"4058",7883,9
"4059",7887,1
"4060",7891,12
"4061",7892,3
"4062",7893,14
"4063",7894,1
"4064",7895,14
"4065",7897,18
"4066",7900,2
"4067",7902,2
"4068",7903,10
"4069",7904,12
"4070",7905,1
"4071",7907,1
"4072",7909,1
"4073",7911,13
"4074",7912,16
"4075",7915,10
"4076",7918,9
"4077",7919,13
"4078",7920,14
"4079",7921,8
"4080",7922,1
"4081",7923,16
"4082",7924,1
"4083",7926,2
"4084",7930,8
"4085",7931,9
"4086",7933,4
"4087",7934,7
"4088",7935,1
"4089",7936,6
"4090",7937,2
"4091",7939,6
"4092",7940,12
"4093",7943,2
"4094",7944,1
"4095",7946,7
"4096",7947,4
"4097",7951,5
"4098",7953,17
"4099",7954,12
"4100",7955,2
"4101",7958,14
"4102",7959,3
"4103",7960,13
"4104",7962,1
"4105",7963,11
"4106",7964,5
"4107",7965,3
"4108",7966,1
"4109",7968,14
"4110",7969,4
"4111",7972,1
"4112",7975,4
"4113",7979,12
"4114",7981,1
"4115",7982,13
"4116",7984,1
"4117",7988,2
"4118",7994,6
"4119",7997,2
"4120",7998,19
"4121",7999,5
"4122",8000,15
"4123",8002,4
"4124",8004,5
"4125",8005,2
"4126",8007,2
"4127",8009,12
"4128",8010,5
"4129",8011,1
"4130",8013,5
"4131",8022,1
"4132",8026,10
"4133",8027,11
"4134",8028,1
"4135",8030,1
"4136",8031,10
"4137",8032,1
"4138",8034,5
"4139",8035,10
"4140",8038,12
"4141",8039,18
"4142",8040,16
"4143",8042,4
"4144",8043,2
"4145",8044,16
"4146",8046,9
"4147",8047,17
"4148",8049,2
"4149",8051,1
"4150",8053,6
"4151",8054,14
"4152",8055,1
"4153",8058,4
"4154",8059,6
"4155",8060,16
"4156",8061,2
"4157",8063,14
"4158",8065,1
"4159",8066,15
"4160",8068,3
"4161",8072,7
"4162",8073,2
"4163",8076,7
"4164",8079,13
"4165",8080,2
"4166",8083,4
"4167",8087,11
"4168",8088,9
"4169",8094,3
"4170",8096,7
"4171",8100,3
"4172",8101,8
"4173",8103,8
"4174",8106,6
"4175",8107,14
"4176",8108,10
"4177",8111,7
"4178",8112,14
"4179",8113,7
"4180",8126,2
"4181",8127,9
"4182",8129,1
"4183",8131,3
"4184",8132,2
"4185",8133,9
"4186",8134,4
"4187",8135,13
"4188",8136,5
"4189",8138,16
"4190",8139,1
"4191",8140,7
"4192",8142,19
"4193",8143,1
"4194",8148,1
"4195",8149,3
"4196",8150,3
"4197",8155,1
"4198",8158,5
"4199",8159,4
"4200",8160,14
"4201",8162,8
"4202",8164,11
"4203",8166,12
"4204",8167,7
"4205",8170,4
"4206",8171,1
"4207",8174,2
"4208",8176,5
"4209",8177,8
"4210",8181,2
"4211",8182,6
"4212",8184,6
"4213",8186,10
"4214",8187,1
"4215",8188,6
"4216",8189,9
"4217",8192,2
"4218",8193,12
"4219",8196,10
"4220",8197,3
"4221",8200,2
"4222",8201,5
"4223",8203,5
"4224",8204,1
"4225",8205,2
"4226",8208,2
"4227",8209,13
"4228",8211,1
"4229",8214,1
"4230",8216,12
"4231",8217,12
"4232",8221,14
"4233",8222,1
"4234",8225,5
"4235",8227,16
"4236",8229,1
"4237",8234,3
"4238",8236,1
"4239",8239,4
"4240",8243,13
"4241",8245,5
"4242",8247,1
"4243",8248,4
"4244",8249,11
"4245",8250,1
"4246",8253,6
"4247",8257,6
"4248",8260,4
"4249",8261,4
"4250",8262,15
"4251",8263,3
"4252",8264,9
"4253",8265,2
"4254",8266,3
"4255",8268,1
"4256",8269,3
"4257",8270,2
"4258",8273,7
"4259",8274,2
"4260",8276,8
"4261",8286,4
"4262",8287,2
"4263",8290,3
"4264",8291,2
"4265",8293,10
"4266",8298,1
"4267",8305,1
"4268",8308,6
"4269",8309,11
"4270",8312,13
"4271",8313,3
"4272",8315,6
"4273",8316,9
"4274",8317,14
"4275",8318,7
"4276",8323,5
"4277",8325,4
"4278",8326,6
"4279",8329,1
"4280",8331,8
"4281",8332,2
"4282",8333,7
"4283",8335,6
"4284",8338,9
"4285",8339,4
"4286",8342,1
"4287",8345,1
"4288",8346,13
"4289",8350,5
"4290",8351,10
"4291",8352,2
"4292",8353,9
"4293",8354,1
"4294",8355,1
"4295",8360,1
"4296",8363,4
"4297",8364,9
"4298",8365,3
"4299",8367,10
"4300",8368,1
"4301",8370,20
"4302",8373,6
"4303",8376,15
"4304",8380,5
"4305",8382,12
"4306",8386,7
"4307",8387,18
"4308",8388,3
"4309",8389,11
"4310",8390,4
"4311",8391,10
"4312",8394,4
"4313",8395,9
"4314",8397,3
"4315",8399,18
"4316",8400,1
"4317",8404,7
"4318",8405,7
"4319",8406,12
"4320",8411,13
"4321",8412,1
"4322",8414,2
"4323",8416,4
"4324",8417,11
"4325",8418,5
"4326",8420,1
"4327",8421,3
"4328",8424,3
"4329",8426,7
"4330",8427,6
"4331",8428,12
"4332",8433,2
"4333",8434,2
"4334",8436,1
"4335",8437,1
"4336",8438,10
"4337",8439,2
"4338",8441,13
"4339",8442,17
"4340",8443,7
"4341",8445,1
"4342",8448,15
"4343",8452,2
"4344",8453,2
"4345",8454,1
"4346",8459,2
"4347",8460,9
"4348",8463,2
"4349",8464,9
"4350",8467,4
"4351",8468,6
"4352",8470,1
"4353",8471,1
"4354",8473,2
"4355",8474,3
"4356",8476,10
"4357",8479,2
"4358",8481,13
"4359",8482,11
"4360",8484,2
"4361",8485,4
"4362",8486,5
"4363",8487,4
"4364",8489,2
"4365",8490,4
"4366",8492,1
"4367",8493,6
"4368",8494,7
"4369",8495,5
"4370",8496,6
"4371",8498,3
"4372",8499,2
"4373",8501,12
"4374",8504,1
"4375",8506,2
"4376",8507,3
"4377",8510,3
"4378",8511,13
"4379",8512,2
"4380",8515,2
"4381",8516,1
"4382",8518,7
"4383",8519,5
"4384",8520,3
"4385",8521,14
"4386",8522,13
"4387",8523,4
"4388",8525,5
"4389",8526,2
"4390",8527,5
"4391",8528,1
"4392",8529,4
"4393",8533,13
"4394",8534,1
"4395",8537,1
"4396",8538,1
"4397",8539,1
"4398",8540,1
"4399",8543,7
"4400",8547,3
"4401",8548,6
"4402",8549,2
"4403",8550,16
"4404",8551,5
"4405",8552,1
"4406",8553,8
"4407",8554,5
"4408",8557,2
"4409",8567,2
"4410",8569,1
"4411",8570,1
"4412",8573,3
"4413",8575,4
"4414",8577,3
"4415",8579,7
"4416",8582,1
"4417",8583,1
"4418",8593,2
"4419",8596,3
"4420",8597,2
"4421",8599,1
"4422",8600,3
"4423",8601,3
"4424",8603,1
"4425",8605,3
"4426",8606,12
"4427",8610,12
"4428",8613,10
"4429",8615,3
"4430",8616,4
"4431",8617,3
"4432",8620,4
"4433",8621,6
"4434",8624,2
"4435",8627,10
"4436",8633,5
"4437",8636,7
"4438",8638,13
"4439",8643,3
"4440",8644,4
"4441",8645,17
"4442",8646,4
"4443",8647,4
"4444",8648,3
"4445",8650,4
"4446",8651,7
"4447",8654,11
"4448",8655,1
"4449",8656,1
"4450",8657,7
"4451",8659,1
"4452",8660,4
"4453",8661,4
"4454",8662,19
"4455",8663,6
"4456",8665,1
"4457",8667,3
"4458",8668,8
"4459",8669,11
"4460",8670,7
"4461",8673,1
"4462",8674,13
"4463",8675,5
"4464",8677,7
"4465",8678,8
"4466",8680,5
"4467",8681,1
"4468",8682,6
"4469",8683,4
"4470",8685,2
"4471",8689,1
"4472",8690,3
"4473",8692,14
"4474",8693,8
"4475",8694,14
"4476",8697,1
"4477",8698,18
"4478",8702,2
"4479",8703,7
"4480",8704,15
"4481",8705,12
"4482",8707,7
"4483",8709,8
"4484",8712,3
"4485",8713,9
"4486",8714,1
"4487",8718,15
"4488",8719,18
"4489",8721,1
"4490",8723,20
"4491",8725,2
"4492",8727,8
"4493",8728,2
"4494",8732,18
"4495",8733,1
"4496",8734,15
"4497",8737,5
"4498",8738,3
"4499",8740,5
"4500",8741,18
"4501",8743,1
"4502",8745,2
"4503",8747,1
"4504",8748,3
"4505",8749,6
"4506",8751,4
"4507",8759,7
"4508",8760,2
"4509",8762,1
"4510",8763,4
"4511",8766,11
"4512",8768,2
"4513",8769,1
"4514",8771,3
"4515",8773,18
"4516",8774,11
"4517",8777,2
"4518",8780,1
"4519",8781,2
"4520",8782,2
"4521",8783,7
"4522",8784,3
"4523",8786,2
"4524",8788,1
"4525",8791,6
"4526",8792,1
"4527",8795,6
"4528",8796,3
"4529",8797,14
"4530",8799,3
"4531",8801,2
"4532",8802,1
"4533",8803,1
"4534",8804,11
"4535",8805,2
"4536",8806,17
"4537",8807,16
"4538",8808,10
"4539",8809,3
"4540",8811,4
"4541",8814,11
"4542",8816,3
"4543",8817,16
"4544",8818,5
"4545",8819,1
"4546",8820,2
"4547",8821,1
"4548",8823,2
"4549",8824,15
"4550",8826,3
"4551",8827,1
"4552",8828,1
"4553",8829,1
"4554",8830,6
"4555",8832,10
"4556",8833,4
"4557",8834,5
"4558",8836,8
"4559",8837,14
"4560",8838,6
"4561",8844,3
"4562",8846,3
"4563",8848,1
"4564",8849,10
"4565",8850,11
"4566",8853,9
"4567",8855,4
"4568",8857,3
"4569",8860,4
"4570",8862,13
"4571",8863,5
"4572",8870,2
"4573",8871,3
"4574",8876,1
"4575",8877,4
"4576",8878,1
"4577",8881,7
"4578",8882,8
"4579",8883,4
"4580",8884,2
"4581",8885,2
"4582",8886,2
"4583",8887,4
"4584",8889,8
"4585",8891,12
"4586",8892,5
"4587",8895,2
"4588",8896,4
"4589",8899,10
"4590",8905,4
"4591",8908,3
"4592",8911,3
"4593",8912,13
"4594",8915,14
"4595",8916,3
"4596",8917,2
"4597",8918,1
"4598",8919,6
"4599",8920,4
"4600",8922,4
"4601",8934,9
"4602",8935,13
"4603",8936,4
"4604",8937,18
"4605",8938,14
"4606",8940,1
"4607",8941,9
"4608",8942,2
"4609",8945,1
"4610",8947,1
"4611",8950,9
"4612",8952,10
"4613",8953,19
"4614",8955,2
"4615",8956,1
"4616",8958,17
"4617",8960,11
"4618",8961,2
"4619",8963,3
"4620",8964,13
"4621",8965,2
"4622",8968,13
"4623",8969,20
"4624",8973,3
"4625",8979,5
"4626",8980,1
"4627",8981,4
"4628",8983,1
"4629",8985,3
"4630",8987,4
"4631",8989,4
"4632",8990,4
"4633",8991,2
"4634",8992,9
"4635",8993,10
"4636",8994,2
"4637",8995,9
"4638",8996,1
"4639",8997,6
"4640",8998,16
"4641",9001,15
"4642",9003,16
"4643",9004,4
"4644",9006,1
"4645",9010,1
"4646",9017,7
"4647",9018,3
"4648",9020,9
"4649",9021,2
"4650",9025,2
"4651",9026,1
"4652",9027,11
"4653",9028,1
"4654",9029,7
"4655",9031,1
"4656",9032,18
"4657",9035,2
"4658",9036,11
"4659",9037,6
"4660",9038,14
"4661",9041,19
"4662",9049,10
"4663",9050,8
"4664",9051,2
"4665",9053,8
"4666",9055,1
"4667",9056,8
"4668",9057,5
"4669",9058,15
"4670",9061,1
"4671",9063,14
"4672",9064,16
"4673",9065,11
"4674",9067,7
"4675",9071,8
"4676",9072,17
"4677",9073,8
"4678",9076,8
"4679",9080,5
"4680",9082,13
"4681",9084,1
"4682",9085,15
"4683",9086,2
"4684",9088,1
"4685",9089,19
"4686",9090,15
"4687",9091,15
"4688",9092,15
"4689",9095,9
"4690",9097,13
"4691",9098,1
"4692",9100,12
"4693",9103,4
"4694",9105,4
"4695",9106,8
"4696",9107,10
"4697",9109,11
"4698",9111,3
"4699",9113,6
"4700",9114,8
"4701",9117,13
"4702",9118,13
"4703",9120,5
"4704",9124,3
"4705",9127,2
"4706",9130,10
"4707",9131,3
"4708",9132,14
"4709",9136,7
"4710",9142,1
"4711",9144,14
"4712",9145,15
"4713",9150,1
"4714",9153,2
"4715",9154,8
"4716",9159,1
"4717",9160,2
"4718",9165,17
"4719",9166,5
"4720",9170,6
"4721",9171,12
"4722",9172,10
"4723",9174,1
"4724",9178,11
"4725",9179,2
"4726",9182,1
"4727",9185,12
"4728",9186,6
"4729",9188,5
"4730",9189,2
"4731",9190,5
"4732",9193,1
"4733",9195,1
"4734",9197,7
"4735",9199,1
"4736",9200,9
"4737",9201,11
"4738",9204,1
"4739",9205,1
"4740",9208,5
"4741",9209,6
"4742",9210,11
"4743",9211,8
"4744",9212,2
"4745",9218,3
"4746",9220,2
"4747",9221,8
"4748",9222,4
"4749",9223,1
"4750",9224,2
"4751",9228,7
"4752",9229,5
"4753",9230,2
"4754",9231,1
"4755",9232,1
"4756",9235,2
"4757",9236,2
"4758",9238,1
"4759",9240,16
"4760",9241,5
"4761",9244,7
"4762",9245,12
"4763",9246,1
"4764",9248,3
"4765",9254,4
"4766",9258,4
"4767",9261,9
"4768",9264,2
"4769",9267,1
"4770",9269,7
"4771",9270,1
"4772",9271,1
"4773",9277,3
"4774",9278,3
"4775",9279,18
"4776",9280,1
"4777",9283,2
"4778",9284,3
"4779",9285,10
"4780",9287,3
"4781",9289,1
"4782",9292,19
"4783",9293,3
"4784",9295,3
"4785",9299,19
"4786",9300,2
"4787",9302,5
"4788",9304,3
"4789",9306,1
"4790",9310,1
"4791",9312,13
"4792",9314,10
"4793",9315,4
"4794",9317,2
"4795",9319,4
"4796",9320,6
"4797",9321,1
"4798",9325,9
"4799",9326,1
"4800",9330,5
"4801",9331,5
"4802",9332,11
"4803",9333,1
"4804",9334,11
"4805",9336,5
"4806",9340,3
"4807",9345,7
"4808",9346,5
"4809",9349,3
"4810",9350,4
"4811",9357,4
"4812",9359,5
"4813",9360,2
"4814",9364,2
"4815",9369,1
"4816",9371,3
"4817",9373,4
"4818",9374,1
"4819",9377,11
"4820",9378,3
"4821",9381,5
"4822",9382,6
"4823",9383,1
"4824",9386,13
"4825",9389,13
"4826",9391,6
"4827",9394,9
"4828",9395,3
"4829",9396,1
"4830",9400,4
"4831",9401,5
"4832",9402,7
"4833",9403,1
"4834",9406,8
"4835",9407,12
"4836",9408,17
"4837",9409,6
"4838",9411,14
"4839",9412,16
"4840",9429,9
"4841",9431,2
"4842",9438,19
"4843",9439,3
"4844",9440,7
"4845",9442,10
"4846",9443,14
"4847",9448,1
"4848",9452,1
"4849",9453,4
"4850",9454,2
"4851",9455,12
"4852",9458,14
"4853",9459,4
"4854",9460,2
"4855",9465,7
"4856",9466,14
"4857",9467,6
"4858",9469,7
"4859",9471,1
"4860",9472,7
"4861",9474,2
"4862",9476,1
"4863",9478,15
"4864",9481,1
"4865",9482,6
"4866",9485,3
"4867",9487,3
"4868",9495,3
"4869",9504,10
"4870",9507,15
"4871",9508,9
"4872",9509,2
"4873",9510,8
"4874",9512,15
"4875",9514,10
"4876",9517,1
"4877",9518,2
"4878",9521,1
"4879",9529,15
"4880",9531,4
"4881",9532,13
"4882",9533,10
"4883",9534,15
"4884",9535,18
"4885",9537,4
"4886",9539,7
"4887",9546,5
"4888",9547,1
"4889",9549,10
"4890",9550,3
"4891",9552,6
"4892",9553,3
"4893",9554,4
"4894",9555,9
"4895",9556,1
"4896",9562,8
"4897",9564,7
"4898",9567,5
"4899",9569,2
"4900",9573,9
"4901",9577,1
"4902",9578,2
"4903",9579,8
"4904",9580,17
"4905",9585,8
"4906",9586,19
"4907",9589,5
"4908",9590,7
"4909",9593,1
"4910",9594,7
"4911",9595,18
"4912",9600,12
"4913",9604,9
"4914",9605,4
"4915",9607,2
"4916",9608,3
"4917",9609,4
"4918",9610,11
"4919",9611,1
"4920",9612,13
"4921",9613,12
"4922",9617,1
"4923",9618,10
"4924",9619,16
"4925",9620,8
"4926",9621,5
"4927",9622,3
"4928",9623,3
"4929",9624,4
"4930",9626,2
"4931",9627,1
"4932",9631,3
"4933",9632,3
"4934",9634,7
"4935",9636,19
"4936",9637,11
"4937",9639,9
"4938",9641,3
"4939",9643,2
"4940",9644,8
"4941",9645,4
"4942",9647,1
"4943",9648,9
"4944",9650,3
"4945",9654,3
"4946",9656,1
"4947",9663,2
"4948",9666,4
"4949",9667,1
"4950",9669,2
"4951",9670,5
"4952",9673,3
"4953",9675,3
"4954",9677,7
"4955",9678,4
"4956",9679,1
"4957",9680,5
"4958",9682,6
"4959",9686,3
"4960",9689,2
"4961",9691,5
"4962",9695,1
"4963",9697,1
"4964",9698,11
"4965",9701,12
"4966",9702,5
"4967",9705,2
"4968",9712,5
"4969",9713,16
"4970",9717,14
"4971",9719,6
"4972",9720,3
"4973",9723,1
"4974",9724,5
"4975",9728,10
"4976",9731,1
"4977",9732,1
"4978",9736,4
"4979",9737,3
"4980",9744,15
"4981",9745,9
"4982",9748,7
"4983",9751,8
"4984",9752,10
"4985",9754,5
"4986",9755,2
"4987",9761,4
"4988",9762,11
"4989",9763,1
"4990",9764,3
"4991",9766,1
"4992",9767,2
"4993",9770,2
"4994",9771,2
"4995",9775,12
"4996",9777,2
"4997",9778,10
"4998",9781,1
"4999",9782,10
"5000",9783,1
"5001",9784,6
"5002",9785,5
"5003",9786,8
"5004",9788,2
"5005",9791,9
"5006",9792,4
"5007",9793,2
"5008",9797,14
"5009",9798,3
"5010",9802,3
"5011",9803,5
"5012",9806,18
"5013",9807,6
"5014",9808,9
"5015",9809,16
"5016",9812,1
"5017",9814,14
"5018",9815,17
"5019",9818,1
"5020",9819,2
"5021",9820,3
"5022",9821,2
"5023",9823,2
"5024",9826,16
"5025",9827,15
"5026",9828,3
"5027",9832,5
"5028",9835,2
"5029",9837,3
"5030",9840,5
"5031",9842,6
"5032",9843,1
"5033",9848,9
"5034",9849,10
"5035",9850,1
"5036",9854,9
"5037",9855,16
"5038",9856,2
"5039",9858,1
"5040",9861,17
"5041",9862,3
"5042",9863,12
"5043",9867,2
"5044",9871,3
"5045",9873,14
"5046",9878,16
"5047",9881,4
"5048",9882,6
"5049",9883,5
"5050",9884,16
"5051",9886,1
"5052",9888,1
"5053",9889,2
"5054",9890,17
"5055",9891,12
"5056",9893,5
"5057",9894,14
"5058",9896,2
"5059",9897,6
"5060",9898,4
"5061",9899,3
"5062",9904,13
"5063",9906,2
"5064",9907,6
"5065",9908,4
"5066",9909,3
"5067",9911,3
"5068",9913,17
"5069",9917,1
"5070",9918,3
"5071",9919,1
"5072",9921,3
"5073",9924,1
"5074",9925,3
"5075",9926,8
"5076",9928,13
"5077",9930,13
"5078",9931,9
"5079",9932,1
"5080",9933,4
"5081",9934,5
"5082",9935,8
"5083",9936,16
"5084",9938,10
"5085",9939,7
"5086",9940,1
"5087",9941,1
"5088",9942,13
"5089",9943,6
"5090",9947,2
"5091",9948,3
"5092",9950,12
"5093",9951,11
"5094",9954,6
"5095",9955,3
"5096",9956,3
"5097",9958,1
"5098",9961,3
"5099",9962,1
"5100",9964,16
"5101",9970,16
"5102",9971,10
"5103",9973,10
"5104",9974,19
"5105",9977,8
"5106",9979,13
"5107",9981,2
"5108",9982,15
"5109",9984,10
"5110",9986,1
"5111",9988,1
"5112",9989,16
"5113",9992,1
"5114",9995,1
"5115",9998,15
"5116",10000,4
"5117",10005,19
"5118",10007,5
"5119",10009,10
"5120",10010,3
"5121",10011,1
"5122",10013,1
"5123",10015,3
"5124",10017,13
"5125",10018,1
"5126",10019,2
"5127",10020,1
"5128",10021,6
"5129",10024,1
"5130",10026,1
"5131",10027,1
"5132",10034,1
"5133",10037,1
"5134",10040,5
"5135",10041,1
"5136",10042,2
"5137",10044,15
"5138",10045,6
"5139",10047,7
"5140",10049,5
"5141",10056,4
"5142",10062,2
"5143",10063,1
"5144",10066,6
"5145",10070,4
"5146",10072,15
"5147",10073,1
"5148",10074,2
"5149",10078,2
"5150",10079,1
"5151",10094,1
"5152",10095,12
"5153",10096,12
"5154",10099,3
"5155",10100,6
"5156",10102,3
"5157",10104,1
"5158",10109,1
"5159",10120,6
"5160",10122,5
"5161",10125,10
"5162",10127,1
"5163",10129,3
"5164",10134,4
"5165",10135,5
"5166",10139,1
"5167",10140,1
"5168",10142,15
"5169",10143,5
"5170",10144,14
"5171",10145,4
"5172",10146,4
"5173",10147,4
"5174",10148,11
"5175",10154,16
"5176",10155,12
"5177",10161,7
"5178",10162,14
"5179",10167,2
"5180",10170,5
"5181",10172,13
"5182",10174,1
"5183",10176,1
"5184",10178,1
"5185",10179,6
"5186",10181,4
"5187",10185,3
"5188",10186,1
"5189",10191,3
"5190",10192,1
"5191",10198,1
"5192",10200,1
"5193",10202,7
"5194",10207,9
"5195",10209,4
"5196",10210,11
"5197",10213,8
"5198",10219,4
"5199",10221,15
"5200",10222,1
"5201",10224,2
"5202",10226,13
"5203",10228,2
"5204",10231,5
"5205",10235,14
"5206",10238,8
"5207",10239,1
"5208",10240,7
"5209",10242,17
"5210",10244,5
"5211",10245,10
"5212",10251,2
"5213",10255,2
"5214",10256,2
"5215",10272,16
"5216",10273,19
"5217",10274,7
"5218",10275,7
"5219",10285,6
"5220",10287,8
"5221",10291,2
"5222",10293,4
"5223",10294,4
"5224",10297,12
"5225",10298,16
"5226",10299,1
"5227",10302,17
"5228",10303,2
"5229",10304,7
"5230",10307,11
"5231",10310,10
"5232",10311,12
"5233",10314,10
"5234",10315,2
"5235",10316,13
"5236",10317,5
"5237",10319,4
"5238",10326,5
"5239",10327,4
"5240",10335,9
"5241",10336,5
"5242",10337,2
"5243",10339,1
"5244",10340,1
"5245",10341,11
"5246",10347,7
"5247",10350,3
"5248",10356,1
"5249",10358,7
"5250",10359,5
"5251",10362,5
"5252",10363,12
"5253",10364,13
"5254",10365,1
"5255",10366,3
"5256",10367,1
"5257",10368,4
"5258",10369,4
"5259",10370,16
"5260",10372,2
"5261",10381,1
"5262",10382,1
"5263",10388,2
"5264",10390,3
"5265",10400,1
"5266",10402,8
"5267",10404,1
"5268",10405,1
"5269",10407,3
"5270",10410,2
"5271",10412,2
"5272",10413,1
"5273",10414,7
"5274",10415,1
"5275",10417,1
"5276",10421,1
"5277",10422,2
"5278",10423,3
"5279",10426,2
"5280",10429,1
"5281",10430,2
"5282",10431,1
"5283",10438,2
"5284",10439,1
"5285",10440,4
"5286",10441,2
"5287",10442,4
"5288",10444,1
"5289",10447,2
"5290",10448,3
"5291",10449,12
"5292",10450,7
"5293",10452,1
"5294",10456,7
"5295",10458,1
"5296",10460,3
"5297",10461,16
"5298",10464,2
"5299",10466,5
"5300",10468,1
"5301",10470,1
"5302",10473,2
"5303",10474,1
"5304",10477,9
"5305",10478,7
"5306",10485,1
"5307",10486,1
"5308",10491,1
"5309",10494,6
"5310",10495,1
"5311",10499,4
"5312",10500,2
"5313",10501,11
"5314",10505,1
"5315",10506,4
"5316",10507,5
"5317",10509,3
"5318",10512,1
"5319",10514,15
"5320",10517,10
"5321",10518,4
"5322",10520,10
"5323",10521,5
"5324",10523,7
"5325",10528,2
"5326",10530,10
"5327",10531,14
"5328",10532,1
"5329",10533,7
"5330",10536,1
"5331",10537,4
"5332",10538,1
"5333",10539,4
"5334",10541,1
"5335",10544,14
"5336",10545,17
"5337",10546,19
"5338",10547,5
"5339",10551,7
"5340",10552,5
"5341",10553,4
"5342",10554,1
"5343",10555,8
"5344",10559,2
"5345",10560,13
"5346",10562,1
"5347",10564,8
"5348",10565,5
"5349",10568,6
"5350",10569,5
"5351",10572,8
"5352",10589,1
"5353",10595,16
"5354",10596,1
"5355",10603,1
"5356",10604,1
"5357",10612,10
"5358",10614,1
"5359",10617,13
"5360",10620,2
"5361",10622,4
"5362",10624,3
"5363",10625,20
"5364",10628,3
"5365",10629,14
"5366",10630,9
"5367",10631,2
"5368",10634,1
"5369",10635,4
"5370",10636,1
"5371",10637,1
"5372",10639,7
"5373",10640,1
"5374",10641,6
"5375",10642,8
"5376",10643,8
"5377",10644,1
"5378",10645,17
"5379",10647,3
"5380",10649,1
"5381",10652,2
"5382",10653,15
"5383",10656,13
"5384",10657,10
"5385",10658,14
"5386",10659,6
"5387",10666,2
"5388",10667,4
"5389",10668,1
"5390",10669,11
"5391",10670,14
"5392",10672,18
"5393",10674,10
"5394",10675,5
"5395",10676,7
"5396",10677,5
"5397",10678,5
"5398",10679,15
"5399",10680,1
"5400",10681,3
"5401",10682,3
"5402",10683,12
"5403",10684,6
"5404",10686,10
"5405",10691,10
"5406",10693,6
"5407",10694,1
"5408",10695,1
"5409",10698,11
"5410",10699,2
"5411",10700,9
"5412",10703,10
"5413",10704,9
"5414",10708,1
"5415",10712,17
"5416",10713,5
"5417",10715,7
"5418",10716,12
"5419",10717,11
"5420",10720,3
"5421",10721,7
"5422",10728,3
"5423",10729,2
"5424",10731,7
"5425",10734,6
"5426",10739,13
"5427",10741,8
"5428",10742,17
"5429",10743,3
"5430",10745,2
"5431",10746,7
"5432",10750,11
"5433",10751,7
"5434",10752,12
"5435",10753,6
"5436",10754,7
"5437",10756,2
"5438",10757,2
"5439",10758,5
"5440",10759,3
"5441",10761,7
"5442",10762,1
"5443",10763,17
"5444",10766,8
"5445",10767,6
"5446",10769,13
"5447",10770,2
"5448",10772,8
"5449",10773,11
"5450",10774,3
"5451",10775,4
"5452",10777,5
"5453",10778,13
"5454",10779,1
"5455",10780,12
"5456",10781,2
"5457",10782,17
"5458",10783,1
"5459",10784,6
"5460",10785,5
"5461",10789,8
"5462",10790,4
"5463",10792,4
"5464",10794,11
"5465",10797,5
"5466",10798,1
"5467",10800,10
"5468",10801,16
"5469",10805,1
"5470",10812,11
